ID,RAJ2000,DEJ2000,[3.6],e_[3.6],[4.5],e_[4.5],[5.8],e_[5.8],[8.0],e_[8.0],[24],e_[24],g,e_g,r,e_r,i,e_i,z,e_z,y,e_y,Juk,e_Juk,Ga,Gbp,Grp,newCC
662803,10.14471,40.75289,16.65,0.05,17.33,0.08,16.77,0.22,16.06,99.99,11.31,0.16,18.7777,0.0097,18.8951,0.0144,19.0333,0.0164,19.1219,0.0132,19.0936,0.0616,18.387884,0.22021231,18.956715,18.363466,17.739433,A
183276,11.1209,41.33638,16.22,0.08,17.06,0.2,16.4,99.99,14.7,99.99,12.35,99.99,17.8782,0.0055,17.7295,0.0071,17.6915,0.0063,17.633,0.0209,17.6478,0.0206,17.025835,0.029072912,17.725624,17.700964,17.009998,A
236822,11.47907,41.90558,17.13,0.08,17.44,0.1,17.23,99.99,16.34,99.99,12.52,99.99,17.9754,0.0065,18.0002,0.0121,18.1239,0.0042,18.1776,0.0059,18.219,0.0224,17.767595,0.0527406,17.958462,17.904482,17.513826,A
493174,10.56294,40.86351,15.71,0.05,15.89,0.06,15.18,0.06,15.12,0.19,10.92,0.12,18.85,0.0071,18.2303,0.0061,17.8928,0.0057,17.6273,0.0115,17.4467,0.0029,16.637657,0.022003809,18.236225,18.398684,17.165213,A
195969,11.00177,41.09556,16.92,0.08,17.15,0.09,16.56,0.14,15.86,0.19,12.33,99.99,17.7128,0.006,17.8013,0.0049,17.925,0.0045,17.9805,0.0108,17.9862,0.0197,17.292177,0.054454397,17.732714,17.7143,17.407104,A
488118,10.62202,40.95773,15.75,0.07,15.82,0.07,15.85,0.14,14.69,0.1,10.77,0.09,17.7964,0.007,17.5474,0.0052,17.4969,0.0054,17.4039,0.0087,17.3159,0.0235,16.543179,0.030155998,17.581537,17.586609,16.832832,A
42666,10.97865,41.2241,15.82,0.04,15.78,0.05,15.9,0.11,14.7,0.21,11.28,99.99,20.1408,0.0282,20.0782,0.025,19.9225,0.0298,19.3902,0.0392,19.1862,0.0929,-999.0,-999.0,20.134724,--,--,A
472340,10.77038,41.06279,15.52,0.06,15.58,0.05,15.54,0.11,15.15,0.23,10.99,0.13,18.4467,0.0071,17.8445,0.0069,17.5168,0.0071,17.2575,0.0067,17.1711,0.0052,-999.0,-999.0,17.824526,18.021244,16.814386,A
489977,10.69685,41.01102,15.64,0.07,15.85,0.03,15.07,0.07,14.24,0.12,11.49,99.99,18.4939,0.0063,17.9561,0.007,17.7274,0.0056,17.4383,0.002,17.3969,0.0049,-999.0,-999.0,17.985086,18.102356,16.972162,A
536248,10.29845,40.81662,15.86,0.06,16.34,0.08,15.86,0.13,15.08,0.2,11.46,99.99,17.4828,0.0091,17.3466,0.0065,17.3715,0.006,17.3822,0.0039,17.3582,0.0065,16.707571,0.027790366,17.354055,17.381433,16.78775,A
192327,10.69141,41.73933,17.4,0.1,17.13,0.11,16.95,0.24,15.92,0.21,12.21,0.23,18.0247,0.0033,17.991,0.0042,18.0788,0.0048,18.048,0.0093,18.0027,0.0139,17.187935,0.047815405,17.975946,18.00971,17.53695,A
530907,10.37621,41.2677,16.24,0.05,16.29,0.06,16.01,0.16,14.03,0.08,12.73,99.99,17.4184,0.0053,17.3613,0.0062,17.4109,0.0114,17.4487,0.0036,17.4629,0.0094,16.670052,0.0284579,17.374287,17.37876,16.842915,A
740089,10.20518,40.7214,17.82,0.18,17.87,0.15,17.16,99.99,15.54,99.99,12.86,99.99,19.5491,0.0202,19.3639,0.0176,19.3743,0.0142,19.4433,0.0113,19.5441,0.0758,20.467878,1.1533941,19.37074,18.951132,18.036568,Ac
599903,10.08484,40.57476,16.82,0.14,16.87,0.08,16.37,0.15,15.58,0.19,12.26,99.99,18.4599,0.0077,18.3762,0.0118,18.3408,0.0176,18.4456,0.0022,18.4098,0.0262,17.30043,0.106862076,18.41153,18.169643,17.471817,Ac
499699,10.22498,40.54909,16.18,0.1,15.97,0.07,16.43,0.12,15.3,0.15,11.65,99.99,18.642,0.0079,18.0843,0.0102,17.8349,0.006,17.5807,0.0055,17.434,0.012,16.716766,0.024526775,18.083328,18.387037,17.240572,A
1985,11.36374,41.54852,14.18,0.04,13.64,0.03,13.45,0.04,12.59,0.02,9.77,0.03,20.4837,0.0398,19.133,0.0705,18.5275,0.0141,18.458,0.0306,18.3124,0.044,16.105331,0.03431801,19.885784,--,--,AGN
440005,10.42261,41.32125,13.54,0.03,12.71,0.09,11.82,0.04,10.72,0.05,7.6,0.01,18.9113,0.034,18.4758,0.01,18.1182,0.0514,17.5546,--,18.0802,0.0323,17.331747,0.053562354,18.54971,18.53187,17.488218,AGN
473245,10.13502,40.65003,15.83,0.06,15.59,0.05,12.6,0.09,10.85,0.09,7.84,0.03,17.8482,0.0164,17.6042,0.0063,17.4781,0.0034,17.4418,0.0088,17.4231,0.0087,16.215567,0.024703309,17.629412,17.607002,16.899935,Bn
220399,11.26985,41.62412,16.77,0.07,17.33,0.09,16.52,99.99,14.46,0.1,10.82,99.99,18.682,0.0056,18.9096,0.0139,19.0642,0.0102,19.2053,0.0436,19.1898,0.0594,17.280426,0.11724981,18.89132,18.160059,17.787373,B
320485,11.44161,41.95177,17.77,0.06,17.97,0.11,16.89,99.99,16.26,99.99,12.22,99.99,18.2836,0.0128,18.5241,0.0142,18.7312,0.0129,18.9864,0.0274,19.0903,0.0245,18.383762,0.118980095,18.481375,18.04757,17.883505,B
59094,11.09491,42.07571,16.08,0.04,16.0,0.04,15.96,0.08,15.77,0.18,13.9,99.99,16.4177,0.0074,16.5412,0.0085,16.7113,0.0045,16.8531,0.0196,16.9343,0.0068,16.34048,0.022528421,16.481329,16.414896,16.357018,B
165895,11.27029,41.6249,16.38,0.07,16.93,0.07,16.65,99.99,15.8,99.99,11.2,0.12,19.4873,0.0195,19.444,0.0082,19.6298,0.0081,19.7715,0.0562,19.6384,0.0836,18.550423,0.18880998,19.581472,--,--,B
563908,9.92172,40.35408,16.43,0.08,16.58,0.07,16.11,0.12,14.36,0.1,12.82,99.99,19.3292,0.0079,19.2738,0.0059,19.279,0.0131,19.2606,0.0238,19.1795,0.0581,17.60375,0.1225476,19.299856,19.123156,18.468,B
79975,11.03269,41.53188,15.88,0.07,16.22,0.09,16.4,0.14,14.93,99.99,11.45,0.26,17.8609,0.0081,18.1001,0.0036,18.3588,0.0089,18.5146,0.0135,18.5584,0.0263,17.57448,0.08656597,17.97731,17.564,17.195614,B
132936,11.08567,41.29745,14.89,0.06,16.68,0.24,13.03,0.01,11.97,0.05,7.82,0.02,18.5729,0.0127,18.4877,0.023,18.628,0.0077,18.7835,0.0127,18.8371,0.0408,-999.0,-999.0,18.628447,18.223083,17.675444,B
557615,9.98732,40.36176,16.02,0.05,16.53,0.1,16.39,0.13,16.41,99.99,12.74,99.99,18.5859,0.0049,18.8043,0.0174,18.9738,0.0267,19.0357,0.0242,18.8771,0.0434,17.99133,0.10349703,18.792025,18.450413,18.291483,B
763571,10.13159,40.75055,17.87,0.23,18.03,0.15,16.46,99.99,16.08,99.99,12.44,99.99,18.6103,0.0196,18.9042,0.0209,19.0192,0.0207,19.294,0.0425,19.3441,0.2349,-999.0,-999.0,18.917372,18.028793,17.690842,B
262766,11.16569,42.13753,17.09,0.07,17.61,0.09,16.41,0.16,16.58,99.99,12.95,99.99,18.012,0.0145,18.2536,0.0155,18.4195,0.0232,18.6781,0.0169,18.7739,0.0394,17.92023,0.11511012,18.166105,17.898876,17.895514,B
675875,10.26867,40.61799,16.93,0.05,17.43,0.09,16.87,0.2,15.67,99.99,11.35,0.19,18.9781,0.0163,18.815,0.0165,18.823,0.0093,18.9029,0.0317,18.9792,0.0202,17.993217,0.10411967,18.857403,18.57775,17.905693,B
344551,11.25516,42.07496,17.77,0.08,18.12,0.13,16.81,99.99,15.44,0.15,12.33,99.99,18.2671,0.0083,18.4438,0.013,18.6495,0.0081,18.8851,0.0132,18.9327,0.0303,18.734842,0.15374662,18.356983,18.185074,18.099648,Be
25678,10.92437,41.51473,15.5,0.07,15.46,0.06,15.11,0.12,14.21,0.09,12.67,99.99,-999.0,-999.0,-999.0,-999.0,-999.0,-999.0,-999.0,-999.0,-999.0,-999.0,-999.0,-999.0,-999.0,-999,-999,B
630065,9.843,40.75533,16.96,0.1,17.09,0.07,16.29,0.13,13.81,0.11,11.19,0.14,19.1073,0.0078,19.2302,0.007,19.3033,0.0077,19.281,0.02,19.2734,0.0303,17.821932,0.08709218,19.18703,18.882591,18.510717,B
17132,11.04523,41.53444,15.12,0.03,15.21,0.04,14.47,0.06,13.47,0.1,8.2,0.07,17.3175,0.0041,17.4808,0.018,17.712,0.0062,17.8679,0.0189,17.8758,0.0204,16.604641,0.040337738,17.509855,16.973042,16.747702,B
16285,11.21179,41.48647,14.89,0.06,15.18,0.09,12.9,0.09,10.53,0.05,7.61,0.01,18.3049,0.0074,18.5457,0.0168,18.871,0.0152,19.093,0.0116,18.9321,0.0322,-999.0,-999.0,18.550026,17.94146,17.586548,B
505061,10.11834,40.72075,16.17,0.05,16.03,0.05,16.22,0.14,14.97,0.21,11.65,99.99,17.9599,0.0077,18.2856,0.0161,18.4154,0.0085,18.6548,0.0376,18.7098,0.0297,17.266193,0.10589107,18.44051,17.67317,17.458557,B
478847,10.24121,41.05334,15.77,0.07,15.69,0.05,16.46,99.99,15.25,99.99,9.84,99.99,15.9845,0.0072,16.0951,0.0143,16.2962,0.0078,16.4161,0.0156,16.5074,0.0094,-999.0,-999.0,16.082294,15.928585,15.835844,B
103150,10.80711,41.58594,15.89,0.03,16.43,0.05,16.2,0.11,16.21,0.28,12.46,99.99,19.534,0.0288,19.7611,0.0238,19.7753,0.0139,19.4088,0.0681,19.296,0.0876,-999.0,-999.0,19.806131,18.756937,17.90853,B
273989,10.73284,41.58378,17.63,0.1,17.68,0.14,17.15,99.99,15.73,99.99,13.24,99.99,19.0042,0.0056,19.0172,0.0078,19.1233,0.0113,19.1816,0.0497,19.1598,0.0503,-999.0,-999.0,19.045042,18.589497,18.013708,B
538157,10.13489,40.65099,16.23,0.05,16.36,0.07,15.56,0.12,12.77,0.1,8.58,0.03,18.6551,0.0096,18.495,0.0095,18.4019,0.0089,18.4951,0.0297,18.428,0.0286,17.290894,0.083596334,18.897911,17.965408,17.48112,B
806441,9.77077,40.76738,18.5,0.09,18.35,0.16,17.41,0.28,15.99,0.19,12.22,0.19,18.9316,0.0065,19.2748,0.0183,19.5844,0.0075,19.8546,0.0195,19.8379,0.0706,19.603004,0.44265524,19.492004,18.800575,18.899479,B
125005,11.03711,41.5338,16.39,0.09,16.62,0.11,15.53,0.1,13.74,0.07,9.24,0.04,18.2637,0.007,18.4532,0.0125,18.7578,0.0153,18.9023,0.0187,18.9248,0.0297,18.066187,0.15637803,18.393744,17.83597,17.312546,B
801978,10.26553,40.90593,17.81,0.11,18.31,0.25,16.94,99.99,16.19,99.99,12.8,99.99,18.3853,0.0093,18.5376,0.0083,18.8039,0.0139,19.0154,0.0104,19.2054,0.0602,20.3326,0.73252124,18.463139,18.074522,17.65267,B
88229,11.0771,41.32868,16.21,0.05,16.3,0.07,16.43,0.25,14.8,99.99,10.0,0.07,17.0792,0.0072,17.1226,0.0093,17.2158,0.014,17.3958,0.0013,17.4504,0.0255,-999.0,-999.0,16.73671,16.711542,16.394272,B
561633,10.09336,40.63815,16.12,0.06,16.56,0.07,15.88,0.14,15.43,99.99,11.76,99.99,19.5605,0.0188,19.2859,0.0216,19.041,0.0178,18.9093,0.0286,18.7737,0.0482,16.608082,0.059730206,-999.0,-999,-999,Bc
116777,11.21046,41.4891,16.56,0.05,16.55,0.06,15.16,0.09,12.94,0.18,9.55,0.05,17.5847,0.0044,17.7986,0.0208,17.9437,0.0105,18.1945,0.0212,18.2007,0.0189,-999.0,-999.0,17.775154,17.267948,17.114285,B
350677,10.73061,41.66992,17.75,0.09,18.16,0.12,16.88,0.22,16.09,99.99,11.9,0.23,18.5641,0.0105,18.7233,0.0137,18.9384,0.0113,19.1175,0.0269,19.1185,0.0651,18.385641,0.18946578,18.807652,18.326128,18.081545,B
579064,9.37114,40.33553,16.71,0.06,16.7,0.04,16.36,0.11,16.26,99.99,12.64,99.99,17.279,0.0014,17.3798,0.0035,17.4923,0.0086,17.6013,0.0089,17.5208,0.0143,-999.0,-999.0,17.355371,17.33396,17.175526,B
636493,10.03703,40.52112,17.13,0.07,17.14,0.08,16.82,0.18,16.19,99.99,12.03,99.99,18.5899,0.0067,18.6277,0.0057,18.6931,0.0095,18.751,0.0213,18.7978,0.0202,-999.0,-999.0,18.598059,18.350649,17.85759,Bn
144868,11.29142,41.61408,16.65,0.1,16.78,0.11,16.19,0.16,14.85,0.22,10.85,99.99,19.1705,0.0064,19.3163,0.0114,19.373,0.012,19.232,0.0548,19.1015,0.0562,17.573689,0.097080655,19.610796,18.52712,17.819265,Bc
293275,11.68316,42.06781,17.5,0.07,17.8,0.1,16.2,0.13,14.18,0.12,10.85,0.09,19.1251,0.0129,19.247,0.022,19.4238,0.0179,19.544,0.0241,19.5442,0.0619,19.515448,0.34171012,19.281353,18.985416,18.753819,B
688207,10.26462,41.05434,18.09,0.13,17.51,0.17,17.36,99.99,15.41,0.22,11.23,99.99,18.4853,0.0084,18.7246,0.0126,18.9946,0.0291,19.1868,0.0355,19.4533,0.0599,20.063316,0.90504014,18.55426,18.261274,17.92204,B
130807,11.42526,41.93361,16.78,0.08,16.66,0.07,16.44,0.15,14.99,99.99,10.65,0.18,17.1419,0.0064,17.2381,0.0111,17.3909,0.0088,17.5135,0.0068,17.5785,0.0117,16.898401,0.043120157,17.163223,17.09611,16.90447,B
627890,9.8293,40.37077,17.03,0.08,17.08,0.07,16.83,0.19,14.4,0.11,9.95,0.03,17.659,0.009,17.6663,0.0098,17.8092,0.0069,17.9452,0.0162,17.9775,0.0135,17.353626,0.06399906,17.671549,17.584156,17.383411,B
239382,10.96793,41.97415,17.0,0.05,17.46,0.09,16.21,0.16,14.6,0.15,11.43,0.19,18.1897,0.0084,18.4156,0.0047,18.5643,0.0082,18.7597,0.0267,18.7519,0.0362,17.91165,0.08852491,18.28749,18.17034,18.053514,Bc
30166,11.13175,41.60351,15.5,0.03,15.56,0.04,15.84,0.06,14.65,99.99,11.43,99.99,16.8214,0.007,16.709,0.0022,16.7803,0.0045,16.8392,0.011,16.9223,0.0094,15.899194,0.025637932,16.833397,16.67547,16.21658,B
167712,10.80705,41.71253,16.81,0.06,16.95,0.09,16.33,0.15,16.15,99.99,12.3,99.99,17.7945,0.0076,17.8756,0.0078,18.0055,0.0056,18.1031,0.0114,18.1631,0.0189,17.238518,0.055504132,17.811295,17.725231,17.4312,B
588992,9.79438,40.60846,16.62,0.05,16.78,0.05,16.73,0.16,16.53,99.99,12.11,99.99,17.6745,0.0139,17.7806,0.007,17.827,0.0073,17.8838,0.0171,17.9633,0.0143,17.176764,0.043003175,17.670492,17.627665,17.337112,Be
31162,10.97102,41.53503,15.23,0.05,15.58,0.05,15.35,0.11,15.38,0.14,12.26,99.99,-999.0,-999.0,-999.0,-999.0,-999.0,-999.0,-999.0,-999.0,-999.0,-999.0,-999.0,-999.0,19.917135,--,--,B
165114,11.03991,41.56641,16.74,0.09,16.93,0.13,16.45,0.23,15.34,0.21,11.59,99.99,19.1549,0.0056,19.348,0.0119,19.4053,0.0154,19.5168,0.038,19.4615,0.0602,17.344004,0.17726365,19.41508,18.318766,17.513819,B
246567,11.43106,41.75386,17.53,0.14,17.5,0.11,17.38,0.3,15.89,99.99,11.6,99.99,19.2565,0.0115,18.997,0.0111,18.9001,0.014,18.9024,0.0275,18.8773,0.042,18.377108,0.13924171,19.047483,18.707058,17.939777,B
280538,11.11565,42.07497,17.73,0.1,17.72,0.09,17.6,99.99,15.94,0.21,12.96,99.99,18.6965,0.0103,18.9202,0.0102,19.1106,0.0125,19.2804,0.0254,19.313,0.0353,18.580807,0.16669644,18.785559,18.616055,18.621803,B
120726,11.13502,41.85588,17.08,0.1,16.58,0.09,15.02,0.13,13.45,0.09,8.78,0.02,18.5095,0.0588,18.856,0.0085,18.9307,0.0205,19.0605,0.0207,19.0859,0.0559,18.664862,0.3331,19.000717,18.171452,17.783371,Bc
58492,11.36804,41.83138,15.97,0.05,15.99,0.04,15.47,0.14,14.66,99.99,10.96,99.99,16.8368,0.0098,16.9038,0.0158,17.0152,0.0037,17.1416,0.0091,17.2326,0.0186,16.149155,0.01985194,16.89391,16.723808,16.4633,B
113147,11.38745,41.77512,16.72,0.06,16.52,0.04,15.76,0.14,14.56,0.17,11.03,0.1,17.4855,0.004,17.5304,0.0042,17.6402,0.0042,17.6837,0.007,17.706,0.0078,17.185219,0.04163934,17.542263,17.395353,17.008139,B
544504,10.32752,40.82583,16.44,0.06,16.42,0.06,14.81,0.1,13.33,0.1,10.71,99.99,19.0325,0.013,19.1676,0.0101,19.3376,0.0103,19.4871,0.0285,19.446,0.0408,18.202211,0.20807031,19.113012,18.62987,17.985516,B
576001,10.43811,41.41581,16.52,0.05,16.68,0.03,17.16,99.99,16.12,99.99,12.27,99.99,17.4954,0.0054,17.5719,0.0041,17.6882,0.0059,17.8126,0.0083,17.8718,0.0157,17.185028,0.055400062,17.484947,17.391365,17.145014,B
618782,10.64613,40.96933,16.79,0.06,17.01,0.06,16.14,0.14,15.21,0.21,10.76,99.99,18.271,0.0091,18.0637,0.0066,18.0915,0.0103,18.071,0.0338,18.2234,0.0277,-999.0,-999.0,18.104185,17.997967,17.300808,Be
732763,9.93627,40.88995,17.39,0.05,17.82,0.12,16.32,0.27,15.67,0.2,11.21,0.13,19.3634,0.0085,19.5574,0.0098,19.6463,0.0189,19.7618,0.0423,19.5126,0.0851,-999.0,-999.0,19.480885,19.099205,18.719967,B
166210,11.66563,42.14553,16.56,0.06,16.94,0.07,15.49,0.08,15.84,0.21,12.44,99.99,17.8292,0.0059,17.9219,0.0061,18.0539,0.0045,18.1501,0.0098,18.2231,0.0105,17.402811,0.05243158,17.834982,17.79491,17.590506,B
296891,11.1203,41.89821,17.47,0.09,17.82,0.17,17.19,0.22,16.15,99.99,12.61,99.99,18.9988,0.0063,18.781,0.0048,18.7503,0.0043,18.7199,0.0092,18.7299,0.0209,17.991987,0.098480545,18.799479,18.773539,18.007502,B
590227,10.18325,40.57596,16.59,0.07,16.79,0.05,16.42,99.99,14.7,99.99,10.91,99.99,18.3688,0.0045,18.1705,0.0068,18.1144,0.0058,18.1223,0.0136,18.0958,0.0159,17.054686,0.047826353,18.202377,18.165068,17.449894,B
174039,11.44452,41.86661,16.45,0.09,16.99,0.09,16.26,0.15,14.91,0.11,12.02,99.99,18.7765,0.0101,18.7299,0.0072,18.7345,0.0084,18.7423,0.0127,18.7943,0.0208,18.112461,0.18504408,18.727398,18.453794,17.825596,Bc
128868,10.9591,41.39217,16.57,0.1,16.65,0.11,16.23,0.12,15.1,99.99,11.64,99.99,17.8707,0.0059,17.8881,0.0089,17.9512,0.0138,18.0245,0.0116,18.1012,0.0239,-999.0,-999.0,17.81504,17.454424,16.82716,B
131417,11.43007,41.68826,16.35,0.1,16.67,0.06,16.23,0.12,16.13,0.27,12.24,99.99,18.9734,0.0071,18.9671,0.0106,19.015,0.0085,19.0798,0.0128,19.1424,0.0598,18.402237,0.14422125,18.929777,18.61476,18.08064,B
174071,11.20616,41.4205,16.46,0.08,16.99,0.07,16.51,0.19,15.95,99.99,12.93,99.99,17.639,0.0057,17.6469,0.006,17.6831,0.0039,17.7102,0.0113,17.7876,0.0121,17.281614,0.0582731,17.593294,17.52898,17.047586,B
443475,10.12726,40.75822,14.06,0.05,14.25,0.04,14.12,0.03,14.17,0.11,12.02,0.26,16.3548,0.0165,16.4598,0.0571,16.397,0.0069,16.4733,0.0125,16.3715,0.0202,14.670772,0.008211763,17.073385,15.985109,15.729229,B
512686,9.91644,40.3694,15.92,0.07,16.11,0.05,15.78,0.07,15.4,0.17,11.82,0.16,18.9309,0.0109,18.8838,0.0063,18.8086,0.0266,18.7736,0.0217,18.587,0.0396,17.157633,0.05465245,18.913912,18.732094,18.063549,B
571380,10.06138,40.65153,16.87,0.1,16.64,0.08,16.44,0.15,15.55,99.99,12.65,99.99,19.6606,0.0225,19.6683,0.0168,19.7203,0.0147,19.7425,0.0392,19.8329,0.0606,20.100735,0.7558441,19.682356,18.980309,18.282127,B
610287,10.14354,40.74042,16.34,0.08,16.94,0.1,16.29,99.99,15.81,99.99,11.93,99.99,19.0345,0.0148,19.1762,0.0188,19.1907,0.0256,19.1842,0.0451,19.0021,0.0136,-999.0,-999.0,-999.0,-999,-999,B
678550,10.15386,40.6078,17.5,0.16,17.45,0.12,16.62,99.99,14.55,99.99,11.21,0.29,18.3664,0.0066,18.264,0.0057,18.2833,0.0154,18.318,0.0147,18.3543,0.0215,17.674177,0.071671754,18.238,18.214119,17.567535,B
747861,9.93379,40.51185,17.58,0.07,17.92,0.14,16.84,0.16,16.13,0.29,12.13,99.99,18.8149,0.0089,18.7277,0.0105,18.7487,0.0106,18.7655,0.0255,18.8067,0.0209,18.946548,0.24376978,18.696184,18.634373,18.11143,B
96659,11.03862,41.2947,16.68,0.11,16.38,0.09,16.59,99.99,15.45,99.99,11.8,99.99,18.8217,0.0078,18.9942,0.0162,19.2596,0.0157,19.3058,0.0495,19.3172,0.0798,-999.0,-999.0,19.025955,18.279348,17.75516,Bc
134185,11.54012,41.84301,16.82,0.09,16.69,0.09,16.31,0.17,15.96,99.99,12.92,99.99,18.8156,0.0048,18.9995,0.0118,19.1574,0.0105,19.1776,0.0236,19.1029,0.0415,-999.0,-999.0,18.90654,18.589619,18.269144,Bc
149771,11.42043,41.73498,16.53,0.06,16.81,0.05,17.06,99.99,15.92,99.99,11.96,99.99,19.2518,0.0092,19.3958,0.0235,19.3381,0.033,19.3602,0.0133,19.3588,0.0295,18.280237,0.27916363,19.922049,--,--,Bc
751960,10.12629,40.73476,16.86,0.08,17.95,0.17,16.45,99.99,16.37,99.99,12.33,99.99,18.711,0.0126,18.8869,0.0169,18.9452,0.0218,19.0755,0.0216,19.0247,0.0435,18.296227,0.15729697,18.956284,18.280687,17.768772,B
37986,11.14397,41.41742,15.68,0.06,15.71,0.07,14.33,0.14,12.91,0.08,8.91,0.04,-999.0,-999.0,-999.0,-999.0,-999.0,-999.0,-999.0,-999.0,-999.0,-999.0,-999.0,-999.0,-999.0,-999,-999,Bn
98428,11.14441,41.41782,16.29,0.07,16.39,0.06,14.92,0.15,13.16,0.1,8.99,0.02,16.6034,0.0035,16.768,0.0045,16.9674,0.0071,17.1098,0.0066,17.2172,0.0092,16.315676,0.03318875,16.698101,16.54184,16.423582,Bn
209297,11.11693,41.41249,17.41,0.1,17.25,0.09,16.76,0.17,14.97,0.15,11.35,99.99,17.8367,0.004,17.8597,0.0052,17.9566,0.0032,18.098,0.0069,18.1348,0.017,17.90197,0.10260037,17.803724,17.612425,17.155973,B
563951,9.93907,40.35437,16.65,0.05,16.58,0.05,15.94,0.18,14.33,0.13,10.48,0.04,18.0578,0.0094,17.8369,0.0045,17.8171,0.0046,17.8025,0.0137,17.7604,0.0166,17.127943,0.046933167,17.859518,17.988592,17.397839,B
100867,11.63206,42.08497,16.25,0.05,16.41,0.05,16.02,0.1,15.48,0.19,12.34,0.16,16.9197,0.0024,16.9822,0.0038,17.0932,0.0037,17.1888,0.0071,17.2415,0.0113,16.742004,0.019700525,16.902735,16.893053,16.694935,B
117965,11.03373,41.34692,16.29,0.09,16.56,0.06,16.25,0.15,14.51,0.16,11.54,0.26,16.4512,0.0061,16.5747,0.0038,16.7669,0.0039,16.9155,0.0085,17.0305,0.0164,-999.0,-999.0,16.512218,16.37968,16.239374,B
155020,10.5511,41.5908,16.85,0.07,16.85,0.05,16.68,0.17,15.88,99.99,12.03,0.24,17.6389,0.006,17.5761,0.004,17.6305,0.0076,17.6818,0.0187,17.7314,0.0074,17.148285,0.05223187,17.5398,17.520842,17.167742,B
260587,10.80862,41.88363,17.43,0.13,17.6,0.1,16.92,0.25,15.82,0.26,12.8,99.99,17.6293,0.0101,17.7211,0.0155,17.9148,0.0048,18.0053,0.0113,18.1531,0.0144,17.65217,0.06305162,17.656637,17.63987,17.480637,B
304638,11.39469,41.67369,17.5,0.1,17.87,0.1,17.51,99.99,16.06,99.99,12.06,99.99,18.2599,0.0033,18.3078,0.0096,18.4742,0.0049,18.5876,0.0144,18.7339,0.0246,18.314297,0.112503566,18.295166,18.048056,17.654758,B
542448,10.52486,40.95112,16.6,0.11,16.4,0.07,16.44,0.18,15.0,0.17,11.92,99.99,-999.0,-999.0,-999.0,-999.0,-999.0,-999.0,-999.0,-999.0,-999.0,-999.0,-999.0,-999.0,-999.0,-999,-999,B
579693,10.12329,40.74953,16.18,0.06,16.71,0.08,15.54,0.09,15.88,0.24,11.14,0.11,17.9956,0.0069,18.1734,0.0121,18.275,0.017,18.3916,0.0271,18.354,0.0319,17.531958,0.24128704,18.170721,17.733639,17.294903,B
587950,10.12025,40.94641,16.54,0.08,16.77,0.08,16.29,0.15,15.95,0.21,12.86,99.99,18.0204,0.0061,17.9197,0.0254,17.8146,0.0069,17.8255,0.011,17.8452,0.0139,17.07752,0.040327035,17.890656,17.966158,17.240788,B
622363,10.3555,40.5774,16.92,0.06,17.03,0.05,16.76,0.15,15.63,0.22,12.03,0.28,17.6023,0.0083,17.6763,0.0026,17.8128,0.0049,17.9049,0.0083,18.0391,0.0176,17.515995,0.055757783,17.61697,17.557032,17.320574,B
628540,10.47856,40.95203,16.91,0.1,17.08,0.1,16.54,99.99,15.81,99.99,12.39,99.99,17.9036,0.0048,17.9134,0.0066,18.0003,0.0067,18.1405,0.0384,18.1599,0.0199,17.646446,0.06348869,17.902073,17.679804,17.17174,B
49099,11.16944,41.89733,15.95,0.04,15.87,0.04,15.65,0.11,13.83,0.15,11.56,99.99,17.3909,0.0061,17.1436,0.0109,17.1151,0.0139,17.0917,0.0116,17.0692,0.0121,15.866417,0.01428991,17.182762,17.280458,16.614525,B
177810,11.32201,41.61309,16.84,0.04,17.02,0.06,16.91,99.99,15.95,99.99,11.92,99.99,17.7772,0.0067,17.9055,0.0085,18.0529,0.0064,18.1429,0.0085,18.2334,0.0119,17.499838,0.055644862,17.864935,17.65041,17.285404,B
199667,11.19446,42.08741,17.01,0.08,17.18,0.07,16.9,0.23,17.25,99.99,12.22,99.99,-999.0,-999.0,-999.0,-999.0,-999.0,-999.0,-999.0,-999.0,-999.0,-999.0,-999.0,-999.0,-999.0,-999,-999,B
228144,10.89691,41.71569,17.29,0.1,17.38,0.08,16.46,99.99,14.69,0.14,12.48,99.99,18.9799,0.0083,18.768,0.0075,18.7031,0.011,18.7311,0.008,18.6319,0.0282,18.162436,0.10970132,18.803465,18.630844,17.838537,B
22912,11.59635,41.64661,15.43,0.08,15.39,0.04,15.41,0.06,15.45,0.16,12.37,99.99,16.2209,0.0064,16.1844,0.0041,16.287,0.0043,16.3703,0.0077,16.4145,0.0086,15.84151,0.012314451,16.133884,16.169537,15.908826,Be
66040,11.0403,41.66744,15.58,0.07,16.08,0.18,15.22,0.09,15.07,0.15,11.62,0.22,17.5228,0.0063,17.6449,0.0076,17.7946,0.0062,17.9002,0.0115,17.9459,0.014,17.238626,0.06055973,17.584501,17.418564,17.066153,B
243571,11.15452,41.87792,17.28,0.12,17.48,0.2,16.74,0.16,14.74,99.99,10.68,0.15,17.6007,0.0036,17.6349,0.0149,17.743,0.0062,17.8341,0.0078,17.8633,0.0081,17.425907,0.06129421,17.624855,17.470152,17.130764,B
539088,10.11864,40.7446,16.3,0.1,16.37,0.07,16.17,99.99,16.07,99.99,12.62,99.99,17.0875,0.0079,17.1876,0.0046,17.3315,0.0034,17.4089,0.008,17.4624,0.0099,17.331182,0.08473929,17.142914,17.020472,16.721754,B
42886,11.24957,41.60108,15.49,0.04,15.78,0.04,15.7,0.08,14.84,0.13,11.8,0.23,19.1887,0.0112,18.9626,0.0165,18.6637,0.0084,18.4491,0.0295,18.3189,0.0145,16.8432,0.042487327,19.277176,18.496912,17.521395,B
234449,11.31112,41.67553,16.69,0.08,17.42,0.11,15.7,0.14,14.63,0.14,10.13,0.06,19.6384,0.0174,19.8071,0.0323,19.9321,0.0173,19.9475,0.0375,19.8968,0.1027,18.346628,0.16027917,20.066977,18.788818,18.129234,B
288210,10.54733,41.59574,17.95,0.08,17.77,0.11,17.05,0.27,16.49,99.99,12.38,99.99,18.9682,0.0197,19.0807,0.0224,19.1994,0.0284,19.295,0.0484,19.398,0.0566,18.922325,0.22093609,19.020243,18.788332,18.329487,B
442,11.0623,42.03206,12.87,0.03,12.04,0.03,11.6,0.04,10.75,0.03,8.21,0.01,18.2755,0.0058,17.2573,0.0025,17.7105,0.0036,17.6381,0.0041,17.801,0.0107,16.668915,0.022966594,17.64612,17.85588,16.889587,BeBR
713,11.07135,41.32459,13.18,0.07,12.59,0.03,12.18,0.03,11.7,0.03,9.69,0.15,17.1056,0.0052,16.9029,0.0055,16.9776,0.0071,16.9831,0.0073,17.1347,0.0198,-999.0,-999.0,16.919767,16.93257,16.371458,BeBR
813,10.83745,41.67782,13.46,0.07,12.74,0.07,12.12,0.06,11.13,0.04,8.54,0.03,19.4152,0.0116,18.6866,0.0072,18.5398,0.0066,18.4152,0.0121,18.4141,0.023,17.18741,0.04006914,18.803707,18.846298,17.659168,BeBR
1255,11.34406,41.84306,13.82,0.04,13.21,0.06,12.71,0.04,12.1,0.02,9.91,0.04,18.474,0.0086,18.2967,0.0087,18.4494,0.0057,18.3668,0.0176,18.5276,0.0125,-999.0,-999.0,18.366856,18.138248,17.456507,BeBR
453200,10.13396,40.75636,13.87,0.07,15.05,0.19,13.92,0.05,13.84,0.08,10.99,0.08,18.4073,0.0106,18.2941,0.0246,17.5013,0.0128,17.2159,0.0121,16.9896,0.0213,15.248667,0.012073265,-999.0,-999,-999,B
25624,10.63706,41.3511,15.4,0.07,15.46,0.08,15.45,0.18,13.45,0.03,10.94,0.15,17.7412,0.0094,17.1785,0.0083,16.9778,0.0126,16.4757,0.0915,16.8227,0.0151,-999.0,-999.0,17.27448,17.287895,16.104519,Fc
574239,10.50449,40.66448,16.22,0.06,16.67,0.1,16.02,0.09,16.42,99.99,12.92,99.99,18.5693,0.0104,18.363,0.0078,18.3068,0.0043,18.1276,0.0298,18.1507,0.0205,17.292873,0.044312824,18.387074,18.474749,17.68319,Fc
638116,10.14774,40.61248,16.95,0.12,17.15,0.12,16.25,0.14,14.46,0.11,10.63,99.99,18.3778,0.0092,18.1653,0.0055,18.0858,0.0092,18.0149,0.0087,17.9532,0.0099,16.862688,0.045169253,18.186375,18.196732,17.396175,F
446942,10.33588,40.58765,14.61,0.07,14.66,0.02,14.56,0.04,15.18,0.16,12.17,99.99,17.3314,0.034,16.8476,0.019,16.5837,0.0082,16.4806,0.016,16.4407,0.0025,15.033298,0.010073156,16.903706,16.980621,16.044027,F
541526,10.43111,40.66578,16.38,0.05,16.39,0.07,16.38,0.1,16.17,99.99,12.51,99.99,18.1377,0.0058,17.9366,0.0064,17.8994,0.0074,17.8564,0.0071,17.7573,0.0081,17.083332,0.033281695,17.925451,17.987371,17.326092,F
113752,10.60309,41.60357,16.41,0.04,16.53,0.08,16.68,0.17,16.05,0.26,12.22,99.99,17.9875,0.0018,17.8502,0.0043,17.8726,0.0059,17.8383,0.0123,17.8152,0.0168,16.774734,0.04139774,17.867443,17.92836,17.282078,F
129001,11.04429,41.30001,15.89,0.07,16.65,0.07,16.04,0.11,15.28,99.99,12.53,99.99,17.6784,0.0076,17.5223,0.0065,17.5393,0.0045,17.4933,0.0108,17.4845,0.0111,-999.0,-999.0,17.581871,17.517857,16.863852,F
563990,10.36974,40.87365,16.39,0.13,16.58,0.07,16.71,0.19,15.3,0.2,11.37,0.11,17.8466,0.0053,17.7807,0.0072,17.843,0.0101,17.8093,0.0098,17.785,0.0124,17.168257,0.06466294,17.776617,17.708548,17.089554,F
6390,10.69712,41.74734,14.61,0.05,14.54,0.03,14.4,0.03,13.98,0.09,9.13,0.05,16.6995,0.014,16.2438,0.0045,16.1382,0.0029,16.0959,0.0047,15.9556,0.0118,15.199159,0.008333253,16.27592,16.608782,15.72648,Fc
10685,11.3282,41.60857,15.07,0.09,14.9,0.04,15.66,0.1,15.6,0.27,11.83,99.99,16.8629,0.0028,16.6007,0.0031,16.5142,0.0044,16.41,0.0038,16.3573,0.009,14.946307,0.009134843,16.628227,16.808369,16.01473,F
449452,10.53282,40.86457,14.99,0.05,14.85,0.07,15.36,0.09,14.78,0.13,12.12,0.27,17.2908,0.0057,16.7664,0.0026,16.5385,0.0044,16.4195,0.0366,16.2983,0.0122,-999.0,-999.0,16.843512,17.170235,16.133322,F
471507,9.43894,39.97336,15.42,0.07,15.56,0.04,15.56,0.08,15.53,0.13,12.04,99.99,-999.0,-999.0,-999.0,-999.0,-999.0,-999.0,-999.0,-999.0,-999.0,-999.0,-999.0,-999.0,-999.0,-999,-999,F
492231,10.48693,41.35253,15.69,0.08,15.88,0.08,15.57,0.08,13.1,0.03,10.64,0.07,17.378,0.0066,17.1007,0.008,17.0036,0.0137,16.1595,0.3673,16.896,0.0093,16.194176,0.028773999,17.112185,17.266687,16.454496,F
443804,10.37224,40.85092,14.26,0.03,14.3,0.07,12.39,0.11,11.1,0.07,6.32,0.04,17.1613,0.0155,16.5791,0.0163,16.4467,0.0026,16.3084,0.004,16.2253,0.0173,15.580999,0.011255444,16.709558,16.941101,15.949675,F
482275,9.9536,40.64589,15.83,0.08,15.74,0.06,15.67,0.07,15.58,0.2,12.47,99.99,17.6432,0.0028,17.2645,0.0033,17.1722,0.0053,17.1226,0.0066,17.0636,0.0108,-999.0,-999.0,17.314054,17.604332,16.725048,F
470624,9.87849,40.31163,15.43,0.05,15.54,0.05,15.62,0.05,15.31,0.12,12.14,0.17,-999.0,-999.0,-999.0,-999.0,-999.0,-999.0,-999.0,-999.0,-999.0,-999.0,-999.0,-999.0,-999.0,-999,-999,F
452621,10.15871,40.64108,15.26,0.11,15.02,0.07,15.13,0.04,15.67,0.26,12.05,99.99,17.9208,0.0164,17.2423,0.0131,16.9877,0.0069,16.81,0.0055,16.6905,0.0175,15.913462,0.01507907,17.32291,17.668669,16.453922,G
510271,10.32794,40.53121,16.5,0.07,16.09,0.07,16.05,0.13,15.92,0.18,12.99,99.99,18.3717,0.0121,17.9641,0.0041,17.8321,0.0055,17.7451,0.0046,17.6792,0.0146,16.828417,0.03199499,18.005875,18.277603,17.339857,G
446140,9.78168,40.44129,14.77,0.07,14.58,0.04,14.55,0.04,14.69,0.13,12.08,99.99,17.0844,0.0034,16.5768,0.0124,16.3851,0.0063,16.2149,0.0182,16.1555,0.0044,15.418766,0.011829292,16.585155,16.979889,15.949087,G
447670,10.25505,41.07622,14.89,0.08,14.72,0.04,14.63,0.06,15.77,0.26,9.85,0.06,17.8572,0.0059,17.3073,0.005,17.0652,0.0132,16.8554,0.0066,16.8013,0.0074,16.095205,0.020365378,17.34966,17.6469,16.542473,G
451006,10.25715,41.07474,15.09,0.03,14.94,0.06,15.08,0.06,12.77,0.05,9.48,0.11,17.7399,0.0059,17.2047,0.0041,16.9743,0.0068,16.7704,0.0095,16.6734,0.0068,15.781352,0.01815188,17.231188,17.46848,16.383598,G
456442,9.95795,40.88496,15.08,0.09,15.18,0.03,14.86,0.06,14.88,0.17,10.59,0.09,17.59,0.0105,17.0305,0.0112,16.8277,0.0051,16.7259,0.0127,16.64,0.0059,15.799874,0.012420747,17.140984,17.51405,16.397524,G
446178,10.53016,40.86343,14.81,0.07,14.59,0.07,15.5,0.1,14.56,0.1,12.01,99.99,17.3799,0.0026,16.7269,0.0027,16.4656,0.0032,16.3224,0.0048,16.2118,0.0057,-999.0,-999.0,16.788548,17.195583,16.012291,G
493704,9.95123,40.64915,15.8,0.06,15.9,0.06,15.75,0.06,15.25,0.13,12.54,99.99,18.2475,0.0062,17.6537,0.0039,17.4606,0.0034,17.4133,0.0069,17.3443,0.0083,-999.0,-999.0,17.70493,18.049948,16.969727,G
447378,10.41939,40.97191,14.77,0.05,14.7,0.07,14.86,0.07,13.33,0.04,10.11,0.03,19.8696,0.0488,19.0382,0.0376,18.5467,0.0186,18.4542,0.0359,18.2781,0.0278,16.31998,0.051300753,19.956736,--,--,GAL
1797,11.42551,41.89656,13.94,0.05,13.55,0.03,13.05,0.04,11.86,0.03,8.93,0.02,19.1705,0.0167,17.7478,0.0162,17.2639,0.0272,16.8691,0.0121,16.6565,0.032,15.79978,0.012759753,18.242653,18.834167,17.028976,K
2374,10.90813,41.76129,14.13,0.04,13.81,0.04,13.64,0.08,12.83,0.05,10.38,0.03,20.5276,0.0437,19.2026,0.046,18.2488,0.0246,17.9121,0.0436,17.6059,0.0101,14.926432,0.01611101,-999.0,-999,-999,K
6054,10.89318,41.62097,14.72,0.03,14.5,0.05,14.89,0.12,14.23,0.09,12.7,99.99,20.452,0.0422,18.9603,0.0311,18.5621,0.0332,18.4156,0.0647,18.1552,0.028,16.071672,0.029889576,-999.0,-999,-999,K
7736,10.87076,41.70453,14.49,0.06,14.67,0.07,14.6,0.07,14.14,0.07,12.12,99.99,19.7611,0.0275,18.318,0.0148,17.6039,0.0075,17.1923,0.0029,17.0015,0.0186,16.125393,0.020431653,18.2439,18.653294,16.951813,K
10648,10.92929,41.48054,14.24,0.03,14.9,0.05,13.84,0.04,13.47,0.07,9.78,0.1,19.8818,0.0572,18.7912,0.0678,18.0214,0.0391,17.7871,0.0721,17.5966,0.0222,-999.0,-999.0,-999.0,-999,-999,K
11334,11.09655,41.35227,15.01,0.06,14.94,0.04,14.73,0.04,13.53,0.08,11.32,99.99,20.2925,0.0359,18.762,0.0072,18.0599,0.011,17.6777,0.0355,17.3949,0.0155,-999.0,-999.0,18.817368,18.87023,17.252142,K
28492,11.13518,41.8428,14.95,0.05,15.53,0.1,14.78,0.04,13.85,0.09,11.6,0.17,19.6544,0.0145,18.3958,0.0074,17.8953,0.0055,17.6181,0.0064,17.4763,0.0094,-999.0,-999.0,18.449947,18.82437,17.164448,K
47568,11.09919,41.63056,15.57,0.07,15.85,0.06,15.17,0.1,13.69,0.13,10.7,0.21,20.8981,0.0606,19.2914,0.016,18.4533,0.0155,17.9396,0.0153,17.6222,0.0095,16.042898,0.019713799,19.050098,19.185432,17.382454,K
441006,10.56688,41.26482,14.1,0.11,13.55,0.07,13.76,0.08,11.69,0.05,9.29,0.03,18.6408,0.0695,17.6063,0.0329,16.934,0.0411,16.5414,0.2279,16.4258,0.0,-999.0,-999.0,17.563082,17.337154,15.787327,K
449707,10.21796,40.73235,14.48,0.08,14.87,0.04,14.48,0.05,13.49,0.1,11.84,0.24,20.1345,0.0193,18.5422,0.0251,17.6043,0.0109,17.0497,0.0108,16.8047,0.0103,15.365967,0.009626772,18.044844,18.778519,16.67198,K
450507,10.77632,41.04875,15.0,0.06,14.92,0.03,14.92,0.04,14.5,0.07,12.7,99.99,20.179,0.0122,18.7508,0.0139,18.101,0.0103,17.5779,0.046,17.4561,0.0291,-999.0,-999.0,18.687721,18.985445,17.284822,K
455402,10.12123,40.66776,14.73,0.06,15.14,0.05,14.97,0.06,14.22,0.06,11.85,99.99,19.3857,0.016,18.2397,0.0056,17.7448,0.0064,17.4776,0.0084,17.2989,0.0103,15.791079,0.013151209,18.315401,18.689117,17.093182,K
476956,10.35734,41.34458,15.37,0.04,15.66,0.05,15.4,0.06,15.61,0.17,12.61,99.99,-999.0,-999.0,-999.0,-999.0,-999.0,-999.0,-999.0,-999.0,-999.0,-999.0,16.822863,0.031564977,19.325314,19.547157,17.936157,K
485584,10.12548,40.74681,15.38,0.06,15.79,0.07,15.65,0.17,15.85,99.99,12.67,99.99,19.1226,0.0,19.0242,0.0185,18.3833,0.0112,18.1627,0.0112,18.0077,0.0106,16.397938,0.024839967,19.154007,18.513779,17.381254,K
22712,10.705,41.87877,15.3,0.06,15.39,0.05,15.86,0.18,15.14,0.14,12.74,99.99,20.0193,0.0242,18.7762,0.0072,18.1703,0.0052,17.8917,0.0082,17.7215,0.0149,16.347158,0.021994375,18.772402,19.519112,17.679243,K
444103,10.19941,40.93403,13.93,0.1,14.34,0.06,13.5,0.03,13.26,0.1,9.96,99.99,20.6268,0.0181,18.6757,0.0116,17.6381,0.0082,17.0809,0.0103,16.7035,0.0079,13.839268,0.0031989396,18.41425,19.039774,16.898558,K
479,11.11681,41.9175,12.46,0.04,12.15,0.09,11.76,0.04,11.21,0.05,9.5,0.03,17.4702,0.0079,16.0794,0.0052,15.415,0.0314,15.1953,0.007,15.0428,0.0139,13.737477,0.0046171215,15.968433,16.819498,14.967327,K
5235,10.9834,41.54382,14.27,0.06,14.39,0.05,14.19,0.05,14.19,0.05,12.56,99.99,--,--,18.2353,0.0817,17.6486,0.0061,17.2422,0.0091,17.0,0.0188,15.548594,0.022521172,18.283403,18.204891,16.568024,K
6108,11.22057,41.90218,14.48,0.06,14.51,0.07,14.39,0.04,14.03,0.08,11.89,0.29,18.718,--,18.9246,0.0446,17.9937,0.0048,17.5256,0.0107,17.2721,0.0136,15.879337,0.014414218,18.789415,18.945206,17.251564,K
8729,10.96608,41.55444,14.77,0.04,14.76,0.08,15.13,0.12,14.46,0.09,12.62,99.99,20.6574,0.0177,19.46,0.0199,18.5936,0.0106,18.1743,0.0104,17.9222,0.0244,-999.0,-999.0,19.284933,18.714293,17.204145,K
11130,10.83289,41.29998,14.71,0.03,14.93,0.05,15.1,0.18,14.53,0.1,12.14,99.99,19.9676,0.0364,19.0821,0.086,18.5853,0.0183,18.201,0.0013,17.9624,0.1009,-999.0,-999.0,19.33383,--,--,K
12367,10.71886,41.70405,14.9,0.04,14.99,0.06,14.96,0.06,15.11,0.15,12.55,99.99,-999.0,-999.0,-999.0,-999.0,-999.0,-999.0,-999.0,-999.0,-999.0,-999.0,16.104567,0.019056898,20.717377,--,--,K
12743,11.1073,41.61657,14.77,0.05,15.02,0.04,15.17,0.1,14.02,0.1,12.03,99.99,20.0086,0.0329,18.6865,0.0185,17.9541,0.0057,17.64,0.0111,17.4814,0.0221,-999.0,-999.0,18.68678,18.701752,17.029947,K
16350,10.72072,41.64005,14.93,0.05,15.18,0.04,15.02,0.07,15.3,0.13,12.15,99.99,20.0702,0.0217,18.6836,0.0083,18.031,0.0026,17.7102,0.0095,17.5124,0.0092,16.148806,0.018397277,18.613132,19.28222,17.350786,K
18225,10.70741,41.42053,15.38,0.06,15.25,0.11,14.96,0.08,13.7,0.1,8.72,0.01,20.773,0.0451,19.4487,0.0253,18.8293,0.0321,18.3101,0.0073,18.2937,0.0394,-999.0,-999.0,19.242947,18.675974,17.17495,K
18558,10.90442,41.88934,15.06,0.07,15.26,0.04,15.19,0.05,15.12,0.14,12.29,99.99,20.1571,0.0093,18.7971,0.0069,18.1394,0.0032,17.7751,0.0069,17.5839,0.0052,16.406233,0.01693382,18.747375,19.365805,17.581253,K
19103,11.61443,42.164,15.15,0.07,15.28,0.04,15.09,0.08,15.5,0.22,12.87,99.99,20.193,0.0209,18.9215,0.0057,18.2598,0.0062,17.957,0.0157,17.7454,0.0123,16.498997,0.016784841,18.86221,19.512127,17.703327,K
22302,11.74832,41.87409,15.17,0.09,15.38,0.04,15.07,0.06,15.2,0.11,11.43,0.16,20.0774,0.0106,18.7668,0.0092,18.1393,0.0101,17.8451,0.0113,17.6443,0.0082,16.43875,0.017070318,18.720463,19.58958,17.656084,K
31229,10.80782,41.88242,15.39,0.05,15.59,0.03,15.31,0.04,15.18,0.14,12.31,99.99,20.4414,0.016,19.1714,0.0104,18.4894,0.005,18.16,0.0049,17.986,0.0137,16.693016,0.024187889,19.099926,19.848919,17.91941,K
33133,11.32887,42.12555,15.39,0.05,15.62,0.04,15.43,0.06,15.86,0.21,14.5,99.99,20.4184,0.0213,19.1143,0.0116,18.487,0.0059,18.1753,0.0084,18.0162,0.0599,16.694881,0.020049814,19.102982,19.718733,17.886063,K
45915,11.68034,41.78032,15.68,0.05,15.83,0.05,15.94,0.07,15.4,0.15,12.76,99.99,20.3221,0.0218,19.1301,0.0061,18.5975,0.0069,18.3126,0.0073,18.125,0.0149,16.882088,0.029045478,19.14876,19.840504,18.0619,K
54889,10.71129,41.39153,15.32,0.07,15.95,0.09,15.97,0.16,15.94,99.99,12.64,99.99,19.8909,0.0828,18.9963,0.0321,18.333,0.0333,15.3012,--,17.7526,0.0428,-999.0,-999.0,19.056261,--,--,K
63625,11.04189,41.30104,16.03,0.08,16.05,0.04,16.56,0.16,15.47,99.99,12.71,99.99,20.081,0.0421,19.167,0.0179,18.6605,0.0094,18.3711,0.0119,18.2373,0.0199,-999.0,-999.0,19.248444,18.819075,17.551357,K
70204,10.8667,41.74063,15.98,0.09,16.12,0.1,15.85,0.07,15.28,0.13,12.55,99.99,20.7044,0.0291,19.3806,0.0097,18.77,0.0106,18.4874,0.015,18.2914,0.0154,17.096025,0.03324659,19.339464,19.63588,17.965721,K
76356,11.64025,42.15177,16.1,0.06,16.18,0.04,16.37,0.14,14.56,0.1,11.76,0.14,20.5181,0.0348,19.3401,0.0176,18.8333,0.0075,18.5421,0.0086,18.3812,0.0218,17.18633,0.029359078,19.39059,19.64545,18.209583,K
442662,10.14109,40.78291,13.97,0.09,14.1,0.05,13.9,0.07,13.45,0.06,11.03,0.12,18.5979,0.0311,17.1917,0.0213,16.7151,0.0271,16.4606,0.0082,16.4573,0.0204,16.109035,0.01923796,17.159435,17.740479,16.114317,K
458747,10.14566,41.13854,14.98,0.06,15.26,0.04,15.14,0.05,14.62,0.09,11.99,99.99,20.199,0.0243,18.7991,0.0204,18.1216,0.0095,17.7908,0.0095,17.6546,0.0069,16.312618,0.015514887,18.748957,19.430948,17.548817,K
464300,10.19965,40.87799,15.41,0.05,15.41,0.04,15.51,0.08,14.59,0.07,12.05,99.99,--,--,19.2606,0.0148,18.7118,0.0205,18.3286,0.028,18.1719,0.0158,16.827835,0.029586393,19.311964,19.010126,17.577547,K
470261,10.37537,41.13993,15.15,0.05,15.54,0.05,15.37,0.08,15.41,0.24,11.78,0.12,20.2876,0.0338,19.1869,0.0345,18.5054,0.0167,18.1719,0.0205,17.998,0.0393,15.969196,0.040196422,19.207884,18.740622,17.224268,K
476774,10.5751,41.15369,15.31,0.16,15.66,0.08,16.35,0.23,14.9,0.15,11.98,99.99,20.3147,0.0391,18.9848,0.0133,18.397,0.0101,18.0543,0.008,17.9558,0.0206,-999.0,-999.0,18.948645,--,--,K
482173,10.06599,40.92076,15.47,0.1,15.74,0.06,15.62,0.12,15.47,0.14,12.34,99.99,20.277,0.0208,19.0017,0.0129,18.4621,0.0099,18.1546,0.0216,18.0223,0.0143,16.783709,0.029686892,19.045359,19.411463,17.725878,K
491700,10.30666,41.22177,16.09,0.05,15.87,0.05,15.59,0.09,15.43,0.15,14.03,99.99,20.362,0.0219,19.1389,0.0116,18.6304,0.0082,18.3784,0.0174,18.2078,0.012,16.311327,0.024955496,19.181198,19.385445,17.746902,K
496407,10.40178,41.24035,15.45,0.08,15.93,0.07,15.37,0.07,15.77,0.21,10.91,99.99,20.2035,0.0246,18.9246,0.0217,18.399,0.0204,18.1353,0.0129,17.8918,0.0188,16.703796,0.026901133,18.904564,18.98226,17.467762,K
32565,11.23708,41.8641,15.31,0.05,15.61,0.03,15.23,0.06,15.95,0.27,11.5,0.18,20.3098,0.0623,19.0128,0.0153,18.44,0.0065,18.1197,0.0141,17.9468,0.015,16.251192,0.027478172,19.063553,19.034567,17.541168,K
12989,11.6075,42.16975,14.81,0.06,15.03,0.04,15.19,0.06,15.05,0.15,12.79,99.99,19.8367,0.0432,18.4657,0.0093,17.9429,0.0089,17.6048,0.011,17.4551,0.0095,16.012167,0.013587841,18.450008,19.125128,17.356068,K
1486,10.94236,41.25431,13.29,0.08,13.37,0.05,13.12,0.03,12.73,0.03,11.05,0.12,19.8279,0.0159,18.1597,0.0138,17.0775,0.0107,16.4332,0.0114,16.2048,0.0136,-999.0,-999.0,17.84328,18.429882,16.351063,K
11864,11.6665,42.19833,14.87,0.11,14.97,0.03,14.6,0.1,14.37,0.07,12.29,99.99,20.3201,0.0299,18.7475,0.0098,18.0919,0.0059,17.6604,0.0094,17.429,0.0089,16.061865,0.014178085,18.648035,19.549486,17.53316,K
21845,10.9089,41.89739,15.11,0.09,15.36,0.05,15.37,0.11,15.19,0.15,12.7,99.99,20.1368,0.0091,18.8084,0.0098,18.1588,0.0083,17.8379,0.012,17.6525,0.0262,16.213442,0.019448847,18.774193,19.427004,17.626442,K
443471,10.49437,41.14272,14.13,0.07,14.25,0.1,13.72,0.03,13.23,0.06,11.54,0.11,20.253,0.066,18.9952,0.0141,17.8289,0.0136,17.366,0.0154,17.143,0.0164,15.196743,0.011502471,18.41796,18.041433,16.450598,K
1582,11.1116,41.34209,13.67,0.09,13.43,0.05,12.98,0.04,12.31,0.03,10.21,0.11,19.3851,0.0193,17.8884,0.0118,17.1339,0.0069,16.7827,0.0103,16.5974,0.0094,15.373677,0.0061724177,17.849583,18.47021,16.585398,K
3389,11.09858,41.3715,13.98,0.07,14.08,0.05,14.75,0.11,13.21,0.06,12.05,99.99,20.6635,0.0394,18.9703,0.0115,17.8755,0.0132,17.4144,0.0163,17.1139,0.0073,-999.0,-999.0,18.605593,18.9768,17.048183,K
7678,11.18578,42.14635,14.47,0.07,14.67,0.05,14.38,0.03,14.39,0.07,12.51,0.25,-999.0,-999.0,-999.0,-999.0,-999.0,-999.0,-999.0,-999.0,-999.0,-999.0,-999.0,-999.0,-999.0,-999,-999,K
10503,10.73227,41.38341,14.05,0.04,14.89,0.07,14.4,0.08,14.16,0.07,12.42,99.99,20.0408,0.0541,18.8235,0.0257,17.7901,0.0351,17.2417,0.069,16.9566,0.0273,-999.0,-999.0,18.664528,--,--,K
13178,10.8474,41.29769,14.43,0.07,15.04,0.18,14.43,0.07,14.25,0.06,12.07,99.99,20.0625,0.0434,18.6765,0.0381,17.9074,0.0115,17.4462,0.0105,17.2587,0.0238,-999.0,-999.0,18.625154,--,--,K
15194,10.96808,41.17142,14.7,0.1,15.13,0.07,14.9,0.07,15.04,0.11,12.4,99.99,20.3918,0.0275,18.9553,0.0092,18.1342,0.0085,17.6791,0.0091,17.4736,0.0082,16.095222,0.017101087,18.798435,19.100243,17.372564,K
16207,10.96096,41.24919,14.86,0.07,15.18,0.05,15.26,0.05,15.39,0.17,12.8,99.99,20.7317,0.024,19.2578,0.0211,18.4589,0.0082,18.0142,0.007,17.7438,0.0236,-999.0,-999.0,19.073816,18.854675,17.272713,K
16252,11.73062,41.97405,14.98,0.07,15.18,0.05,14.93,0.04,14.92,0.1,12.51,99.99,19.9761,0.0164,18.6922,0.0125,18.0436,0.0047,17.6831,0.0106,17.4955,0.0122,16.267881,0.014311528,18.63542,19.314455,17.544386,K
16633,10.67605,41.73558,15.05,0.09,15.2,0.06,15.86,0.14,14.71,0.11,11.75,99.99,20.7145,0.0253,19.1236,0.0055,18.3326,0.0063,17.9443,0.0063,17.6916,0.0085,-999.0,-999.0,18.952854,19.439533,17.699848,K
23756,10.97515,41.295,14.79,0.07,15.42,0.14,14.96,0.07,14.45,0.1,10.89,0.07,20.0808,0.0217,18.8505,0.0235,18.2273,0.0144,17.4991,0.1341,17.7055,0.0275,-999.0,-999.0,18.902163,18.65973,17.157614,K
24929,11.01184,41.82272,15.09,0.06,15.45,0.06,14.39,0.12,12.99,0.12,8.6,0.02,20.8035,0.0391,19.4676,0.0437,18.6165,0.0088,18.254,0.0074,18.0023,0.0092,16.667734,0.028971916,19.242897,19.804056,17.887018,K
26392,11.44119,41.85792,15.04,0.12,15.48,0.06,15.13,0.14,14.85,0.18,12.39,99.99,20.3456,0.0332,19.0526,0.0093,18.3299,0.0085,17.9391,0.0104,17.7503,0.0072,16.781948,0.030499183,19.053871,19.121162,17.482203,K
31417,10.71701,41.75434,15.25,0.07,15.59,0.04,15.23,0.05,15.01,0.12,12.46,99.99,20.5832,0.0175,19.2184,0.017,18.4778,0.0059,18.0797,0.0114,17.8784,0.0079,16.523758,0.025420027,19.100664,19.878317,17.808535,K
90634,10.79462,41.69643,14.43,0.06,16.32,0.1,14.31,0.03,14.99,0.11,12.24,99.99,20.3162,0.0267,18.8274,0.0084,17.9309,0.0127,17.4427,0.0129,17.1896,0.0189,15.83428,0.012196125,18.511492,19.24436,17.219685,K
453815,10.3375,40.81743,14.9,0.05,15.08,0.05,14.7,0.03,15.27,0.26,11.19,99.99,20.7936,0.028,19.2289,0.0133,18.4033,0.0116,17.9927,0.0122,17.73,0.0149,15.995813,0.02119346,19.178875,19.178135,17.4402,K
466056,10.09949,41.08279,15.2,0.09,15.45,0.05,15.19,0.06,15.11,0.13,11.88,99.99,20.4007,0.0393,19.0945,0.0131,18.3885,0.005,18.0136,0.0115,17.8095,0.0163,16.540352,0.017819598,18.98215,19.46788,17.745735,K
466232,10.11551,40.72164,14.96,0.06,15.45,0.06,14.82,0.06,13.93,0.14,10.93,99.99,20.1818,0.0253,18.8977,0.0237,18.1578,0.0102,17.8385,0.0102,17.6653,0.015,16.466843,0.02316582,18.914032,19.035454,17.41172,K
6690,11.14038,41.87351,14.74,0.06,14.58,0.06,13.62,0.1,12.91,0.09,9.84,0.16,17.6352,0.0054,16.9153,0.0063,16.6649,0.0094,16.5241,0.005,16.4372,0.0062,15.495735,0.010037315,17.011267,17.393833,16.179148,Kc
7695,11.31008,41.62981,14.54,0.05,14.67,0.04,14.77,0.05,15.32,0.22,12.17,99.99,17.2335,0.0097,16.7639,0.0046,16.6176,0.007,16.4826,0.0044,16.4149,0.0111,14.488489,0.005941756,-999.0,-999,-999,Kc
4641,11.21063,41.51063,14.66,0.07,14.31,0.04,14.38,0.05,13.57,0.06,8.84,0.02,16.753,0.004,16.6249,0.0879,16.4766,0.0178,16.529,0.0053,16.5402,0.0537,15.714786,0.014297194,-999.0,-999,-999,LBV
10173,11.081,41.3799,15.05,0.1,14.86,0.04,14.48,0.04,13.23,0.05,7.74,0.01,18.2575,0.0242,17.8636,0.0421,17.9316,0.0217,17.7684,0.02,17.7158,0.0547,-999.0,-999.0,17.30692,17.347818,16.469656,LBV
32728,10.888,41.20289,15.49,0.04,15.61,0.07,14.48,0.09,12.8,0.06,8.69,0.02,17.1969,0.0182,17.2328,0.019,17.0958,0.0438,17.5229,0.0251,17.6332,0.0353,-999.0,-999.0,17.048717,16.856113,16.476252,LBV
39660,10.76049,41.81993,15.94,0.03,15.74,0.05,15.17,0.05,13.37,0.07,6.67,0.01,16.7312,0.0204,16.7443,0.0204,16.9213,0.0466,16.7436,0.0008,16.88,0.0139,16.751297,0.027468033,17.302954,17.269579,17.032267,LBV
2811,11.11939,42.1002,14.13,0.09,13.94,0.06,13.73,0.05,13.45,0.04,10.97,0.1,18.9127,0.0654,17.7093,0.018,16.9278,0.0063,16.4996,0.0052,16.3194,0.0219,15.0786915,0.0065869503,17.536476,18.506886,16.407751,M
4769,11.57116,41.95561,14.44,0.06,14.33,0.04,14.78,0.17,13.95,0.04,12.99,99.99,19.862,0.0114,18.4736,0.019,17.564,0.0056,17.2321,0.0148,17.022,0.0219,-999.0,-999.0,18.02419,18.772333,16.88151,M
6059,10.76113,41.71754,14.44,0.06,14.5,0.05,14.49,0.05,14.49,0.07,12.52,99.99,19.8325,0.0185,18.3804,0.0195,17.5409,0.0084,17.1277,0.0037,16.879,0.0095,15.509317,0.009972572,18.199492,19.026525,16.96218,M
8883,10.97467,41.86718,14.73,0.04,14.77,0.06,14.56,0.05,14.13,0.05,12.8,99.99,20.3542,0.0288,18.8518,0.0133,18.0082,0.0123,17.632,0.0108,17.4689,0.0108,-999.0,-999.0,18.7051,19.450129,17.419373,M
10210,10.80602,41.8455,14.66,0.1,14.87,0.06,14.74,0.05,14.61,0.1,12.5,99.99,19.7025,0.0111,18.4176,0.0076,17.7166,0.0062,17.3708,0.0107,17.1704,0.0083,15.869514,0.013418118,18.325012,19.073755,17.199818,M
10440,11.22652,41.41163,14.6,0.05,14.88,0.05,15.89,0.2,14.51,0.11,12.08,0.22,20.381,0.0581,19.0693,0.0222,18.1104,0.0057,17.6864,0.016,17.4018,0.0122,16.052763,0.020699216,18.773039,19.161907,17.329048,M
12819,11.18717,41.42511,14.73,0.07,15.02,0.06,14.86,0.06,14.59,0.1,11.22,99.99,20.8879,0.0401,19.269,0.0145,18.336,0.0161,17.8753,0.008,17.6411,0.0109,15.568384,0.016547611,19.058077,19.145788,17.403765,M
16812,11.29965,41.90953,15.04,0.03,15.2,0.05,15.38,0.07,14.61,0.12,11.9,99.99,20.4053,0.0454,19.2077,0.0175,18.4154,0.0147,18.0579,0.0206,17.8864,0.0202,16.306345,0.02292437,19.353846,19.159388,17.579344,M
18654,11.45873,41.705,14.96,0.08,15.27,0.03,15.01,0.08,15.0,0.09,11.05,0.12,20.4121,0.0296,19.011,0.0125,18.2434,0.0065,17.9225,0.0091,17.6876,0.0115,16.403471,0.020881502,18.894428,19.194305,17.546856,M
21669,10.75182,41.7859,15.12,0.05,15.36,0.06,15.08,0.06,15.13,0.11,12.98,99.99,20.6859,0.039,19.2132,0.0221,18.4778,0.011,17.9834,0.0075,17.7694,0.0134,16.50764,0.021557081,19.120962,19.852179,17.836872,M
23167,11.06088,41.80482,15.15,0.07,15.4,0.06,15.13,0.07,15.63,0.29,11.74,99.99,20.6598,0.0278,19.2942,0.0279,18.4797,0.0093,18.1197,0.0087,17.8365,0.0108,16.580381,0.02427884,19.138224,19.314482,17.624247,M
32929,11.03475,42.02844,15.31,0.05,15.62,0.03,15.06,0.05,14.96,0.12,12.55,99.99,20.4094,0.0136,19.0701,0.009,18.3987,0.0047,18.0304,0.0115,17.8532,0.012,16.60451,0.0239347,19.028166,19.583422,17.8394,M
33280,11.65304,42.05705,15.27,0.08,15.62,0.06,15.44,0.06,15.31,0.16,12.79,99.99,20.739,0.0237,19.3435,0.0122,18.6037,0.0087,18.2294,0.0136,17.9923,0.018,-999.0,-999.0,19.24939,19.86507,18.039728,M
34094,10.92062,41.83015,14.77,0.09,15.64,0.06,14.87,0.06,15.03,0.12,12.44,99.99,20.6259,0.0379,19.0414,0.0192,18.2415,0.01,17.8176,0.0114,17.5679,0.0137,16.188742,0.019454021,18.911755,19.633791,17.615799,M
38867,11.63329,41.88794,15.54,0.07,15.72,0.05,15.67,0.08,15.58,0.2,12.46,99.99,20.5794,0.029,19.2976,0.0116,18.5969,0.0052,18.2464,0.0136,18.0373,0.0126,16.82254,0.022236409,19.22639,19.801085,18.03729,M
44337,11.55284,41.80523,15.52,0.06,15.81,0.08,15.67,0.07,16.09,0.25,12.97,99.99,20.5728,0.0206,19.3604,0.0125,18.6318,0.0045,18.3267,0.0123,18.0804,0.0114,16.771729,0.028891861,19.494703,19.580927,17.912907,M
53238,10.77151,41.59105,15.41,0.05,15.93,0.05,15.48,0.08,13.96,0.12,10.49,0.09,20.9632,0.0518,19.5667,0.0155,18.7059,0.0092,18.3264,0.0062,18.0623,0.023,-999.0,-999.0,19.31736,19.426517,17.730053,M
66625,11.4738,41.87686,15.34,0.08,16.08,0.14,15.56,0.06,15.49,0.15,12.7,99.99,20.7654,0.0237,19.3215,0.0147,18.5917,0.0148,18.2476,0.0049,18.0322,0.0103,16.711813,0.024545524,19.199806,19.485544,17.77131,M
140231,11.47385,41.87721,15.34,0.08,16.74,0.27,15.56,0.06,15.45,0.16,12.82,99.99,20.7654,0.0237,19.3215,0.0147,18.5917,0.0148,18.2476,0.0049,18.0322,0.0103,16.711813,0.024545524,19.199806,19.485544,17.77131,M
145871,11.20538,42.00173,15.7,0.06,16.78,0.12,15.57,0.06,15.91,0.22,12.44,0.22,20.4126,0.0258,19.2994,0.0102,18.6476,0.0114,18.3682,0.0083,18.1687,0.026,16.925602,0.032037746,19.281538,19.50001,17.965548,M
439926,10.24792,40.76202,12.9,0.16,12.6,0.06,12.24,0.09,11.33,0.04,8.65,0.07,19.9467,0.0155,17.9052,0.018,16.7128,0.0278,16.0414,0.0159,15.7697,0.016,14.180781,0.0040520714,17.272137,18.541368,15.95972,M
440031,10.35512,41.20242,12.57,0.06,12.75,0.04,12.48,0.02,12.01,0.04,9.53,99.99,20.2116,0.0414,18.2877,0.0157,17.0711,0.0062,16.3151,0.0032,15.857,0.0187,13.983326,0.0036253633,17.59263,18.64116,16.188763,M
441121,10.77419,41.12858,13.22,0.1,13.61,0.04,13.3,0.02,12.95,0.04,11.02,0.1,20.0906,0.0258,18.4719,0.0129,16.7902,0.0121,16.3528,0.0215,16.245,0.0306,-999.0,-999.0,17.650656,18.355644,16.22363,M
441490,10.45487,41.17365,13.65,0.08,13.76,0.1,13.14,0.03,12.37,0.04,9.49,0.03,20.8224,0.0467,18.7181,0.0293,17.4763,0.0882,16.8471,0.0153,16.6266,0.0219,-999.0,-999.0,17.92669,18.405909,16.32927,M
446912,10.24713,40.60038,14.35,0.11,14.66,0.07,14.39,0.05,13.68,0.04,10.45,0.07,19.8642,0.0221,18.4233,0.0168,17.6933,0.0143,17.1974,0.0446,17.0518,0.0192,15.803607,0.013691964,18.49323,19.023275,17.16101,M
451160,10.4297,40.90897,14.81,0.09,14.95,0.05,14.96,0.06,14.58,0.1,12.02,99.99,20.21,0.0312,19.0173,0.0196,18.1796,0.0053,17.7781,0.0264,17.5331,0.0123,16.094006,0.022274194,18.98306,18.785414,17.220083,M
451814,10.19541,40.88142,14.87,0.04,14.99,0.05,15.07,0.07,14.52,0.08,11.77,99.99,20.2856,0.0256,19.0983,0.0219,18.2031,0.0138,17.8364,0.0174,17.6115,0.0106,16.166258,0.019461017,19.055447,19.075884,17.339453,M
451919,10.31238,41.28571,14.87,0.09,14.99,0.04,14.86,0.07,14.71,0.09,12.07,0.29,20.3547,0.0149,18.9747,0.0105,18.1724,0.0046,17.7694,0.0117,17.5348,0.0066,15.996096,0.015966563,18.823622,19.294067,17.498062,M
451955,10.08367,41.11403,14.73,0.07,14.99,0.05,14.73,0.08,14.5,0.09,11.98,99.99,19.8372,0.0291,18.5163,0.007,17.8146,0.005,17.5089,0.0085,17.304,0.0092,15.811711,0.01611939,18.505835,19.307901,17.280329,M
458443,10.10582,40.77322,14.92,0.09,15.25,0.06,14.64,0.07,14.65,0.08,11.83,0.21,21.0659,0.0654,19.3598,0.0289,18.4166,0.0095,18.0841,0.0173,17.6996,0.0172,16.365713,0.02292344,19.102001,19.216463,17.4569,M
466744,10.25373,41.15498,15.15,0.07,15.46,0.05,15.2,0.06,15.07,0.1,13.52,99.99,20.3468,0.0152,19.069,0.0082,18.3308,0.0074,18.0116,0.0142,17.8005,0.0171,16.76889,0.045971412,18.998077,19.32827,17.511282,M
482641,10.8274,40.90349,15.47,0.1,15.75,0.04,15.58,0.07,15.9,0.21,12.78,99.99,20.7283,0.0309,19.4095,0.0144,18.6727,0.006,18.3333,0.0076,18.1162,0.0115,16.858807,0.026173951,19.316555,19.916489,18.10435,M
499354,10.30125,40.64346,15.32,0.05,15.97,0.05,15.53,0.08,15.16,0.16,12.25,99.99,20.5246,0.029,19.1883,0.0072,18.4826,0.0121,18.176,0.0099,18.0275,0.0148,-999.0,-999.0,19.136902,19.447811,17.697016,M
1381,10.64384,41.54774,12.78,0.02,13.3,0.06,12.6,0.05,13.31,0.13,11.95,99.99,17.9128,0.0113,16.6961,0.0256,16.1692,0.039,15.581,0.025,15.5042,0.0347,13.789706,0.0046881386,17.271057,17.244087,15.369537,Mc
442565,10.29938,41.16538,13.38,0.05,14.08,0.18,13.32,0.05,13.78,0.07,12.01,99.99,18.2257,0.0075,16.9896,0.0023,16.1451,0.0045,15.7712,0.006,15.5735,0.0049,14.461115,0.005619275,16.8331,17.707907,15.693797,Mc
350,11.11868,41.85865,11.84,0.07,11.71,0.06,11.5,0.05,11.0,0.03,8.72,0.1,19.1397,0.0118,17.8485,0.0922,15.8915,0.0101,15.3376,0.0283,14.8778,0.0206,13.398783,0.0027351577,17.505838,18.969051,16.01161,M
633,11.31208,41.62647,12.62,0.09,12.48,0.05,12.15,0.02,11.54,0.04,8.67,0.03,20.5922,0.0385,18.4655,0.0377,16.925,0.0361,16.4033,0.0044,15.884,0.0063,14.028487,0.004369119,17.709751,18.678455,16.23683,M
919,11.37959,41.80714,12.95,0.04,12.88,0.05,12.58,0.06,11.95,0.05,9.76,0.02,21.4418,0.0646,18.7562,0.033,17.3858,0.0063,16.7317,0.0075,16.2933,0.0103,14.565054,0.0058696894,18.212381,19.263603,16.69792,M
1024,10.77763,41.63498,13.1,0.06,13.0,0.05,12.47,0.04,11.61,0.07,7.79,0.03,20.9904,0.0347,18.8333,0.0641,17.6763,0.0174,16.6452,0.0313,16.2506,0.0401,14.658171,0.0054529067,18.416151,19.415817,16.85957,M
2476,11.07384,42.01059,13.69,0.04,13.84,0.05,13.55,0.03,13.71,0.09,12.82,99.99,19.6604,0.0265,18.2293,0.0078,17.0906,0.0061,16.7287,0.0064,16.4983,0.0094,15.086575,0.007562672,17.81027,18.872578,16.64192,M
2724,11.22715,41.50232,13.84,0.08,13.92,0.04,13.93,0.05,13.05,0.05,11.36,99.99,20.4027,0.0472,18.8718,0.0769,17.6597,0.014,17.0672,0.0266,16.7519,0.0203,15.437074,0.016655236,18.278803,18.64759,16.75819,M
2964,10.92805,41.24529,13.76,0.09,13.98,0.08,13.74,0.03,13.56,0.05,11.48,0.26,-999.0,-999.0,-999.0,-999.0,-999.0,-999.0,-999.0,-999.0,-999.0,-999.0,-999.0,-999.0,18.4009,18.551844,16.704348,M
3259,11.13432,41.86629,13.91,0.05,14.05,0.06,14.1,0.07,14.08,99.99,9.78,0.08,22.273,--,18.9061,0.0068,17.8852,0.011,17.0463,0.0119,16.7813,0.0074,14.973677,0.008357272,18.730856,19.063717,17.14,M
3490,11.38146,41.63356,14.03,0.11,14.1,0.05,13.75,0.03,13.44,0.03,10.84,0.07,20.3347,0.0353,18.7085,0.007,17.7136,0.0212,17.2577,0.039,16.9235,0.0271,15.137945,0.008742099,18.53187,19.156017,17.073565,M
3744,11.29109,41.64567,13.97,0.05,14.16,0.03,14.0,0.04,13.66,0.05,10.7,0.09,-999.0,-999.0,-999.0,-999.0,-999.0,-999.0,-999.0,-999.0,-999.0,-999.0,14.697673,0.0064471583,18.292027,18.668098,16.867407,M
4004,10.94817,41.17473,14.06,0.09,14.2,0.04,13.91,0.02,13.84,0.06,12.16,99.99,20.6259,0.0258,19.0892,0.0087,17.6438,0.0375,17.1098,0.0167,16.9756,0.0145,15.4040785,0.010037712,18.311148,18.903976,16.901928,M
4409,11.46641,41.72993,14.16,0.11,14.27,0.04,14.19,0.03,14.08,0.06,12.5,99.99,20.0515,0.0192,18.528,0.0079,17.5337,0.0112,17.0787,0.0165,16.8708,0.0187,15.518227,0.009566905,18.30446,18.991537,17.011824,M
6291,11.6616,41.91556,14.14,0.09,14.53,0.05,14.09,0.05,14.28,0.06,11.23,0.12,20.1724,0.0169,18.7365,0.0192,17.7498,0.007,17.4118,0.0131,17.0998,0.0096,15.438804,0.009098349,18.473083,19.458017,17.217812,M
8009,11.58382,41.79827,14.44,0.08,14.7,0.05,14.5,0.05,14.39,0.07,12.87,99.99,20.2044,0.0312,18.7497,0.0187,17.7917,0.0074,17.4192,0.0099,17.1839,0.0154,15.719887,0.01066789,18.512577,19.310604,17.310305,M
8063,11.29062,41.78097,14.57,0.07,14.7,0.06,14.7,0.06,14.33,0.1,11.98,99.99,20.3284,0.0078,18.7805,0.0064,17.9936,0.0045,17.5938,0.0046,17.3647,0.0094,15.336675,0.012523497,18.72151,19.006691,17.230799,M
8331,11.34046,41.71565,14.54,0.1,14.73,0.04,14.53,0.04,14.39,0.08,11.26,0.08,20.2074,0.0355,18.9049,0.0762,17.942,0.0066,17.4862,0.011,17.2491,0.0091,15.861071,0.013600296,18.632063,18.904346,17.124432,M
8825,10.86019,41.63802,14.46,0.1,14.77,0.05,14.34,0.04,13.95,0.05,11.9,0.29,19.8292,0.0119,18.3646,0.0083,17.6166,0.0036,17.279,0.0083,17.0254,0.0098,15.715175,0.010162183,18.375586,18.979313,17.043411,M
9154,11.01426,41.27336,14.64,0.1,14.79,0.04,14.8,0.06,15.58,99.99,13.1,99.99,20.2633,0.0293,19.128,0.021,18.1326,0.0119,17.6453,0.0206,17.4072,0.0148,-999.0,-999.0,-999.0,-999,-999,M
9529,11.58696,41.92914,14.55,0.07,14.82,0.05,14.63,0.03,14.88,0.09,12.33,99.99,20.606,0.0171,19.1437,0.0075,18.1048,0.008,17.6226,0.0174,17.3752,0.014,16.009893,0.013099752,18.824818,19.556763,17.475,M
9568,10.8743,41.86735,14.73,0.03,14.82,0.03,14.91,0.04,14.49,0.07,12.09,0.14,19.9516,0.017,18.6231,0.0341,17.8533,0.0035,17.4372,0.0068,17.2529,0.0112,15.940846,0.012438385,18.401499,19.166302,17.250505,M
10518,11.06046,41.91269,15.06,0.09,14.89,0.09,15.32,0.08,14.56,0.11,12.37,99.99,20.8271,0.035,19.3262,0.0163,18.3079,0.0095,17.7456,0.0122,17.5042,0.0161,16.13381,0.015955577,19.02972,19.901379,17.680923,M
10971,11.30821,41.64962,14.81,0.04,14.92,0.04,15.03,0.07,13.72,0.03,11.27,0.23,20.0385,0.0102,18.6819,0.0161,17.9003,0.0118,17.5453,0.0236,17.3969,0.0206,15.884497,0.018615266,18.53943,18.757233,17.109625,M
12298,11.07884,41.82614,14.93,0.07,14.99,0.04,14.86,0.07,13.83,0.11,10.95,0.17,20.4406,0.0127,19.11,0.0126,18.1846,0.01,17.6952,0.0039,17.4688,0.0127,16.153849,0.01648446,18.897898,19.195524,17.424952,M
12814,11.63615,42.03019,14.84,0.06,15.02,0.06,14.78,0.05,15.09,0.14,12.99,99.99,20.217,0.0485,18.9594,0.0137,18.1185,0.0059,17.7384,0.0107,17.5278,0.0129,16.205008,0.014824009,18.79809,19.520565,17.638853,M
15132,11.31115,41.86969,14.66,0.06,15.13,0.06,14.76,0.06,14.6,0.09,12.46,99.99,20.965,0.0319,19.6077,0.0198,18.3258,0.0149,17.7539,0.0211,17.4779,0.0061,15.741053,0.011507624,19.033667,19.38971,17.44756,M
16044,10.93644,41.95745,14.94,0.06,15.17,0.06,14.96,0.06,15.28,0.12,12.19,99.99,20.3577,0.0284,19.0209,0.0169,18.1505,0.0068,17.7758,0.0098,17.5329,0.0137,-999.0,-999.0,18.807655,19.562231,17.618267,M
17010,10.4556,41.45518,14.71,0.05,15.21,0.07,14.62,0.06,14.69,0.09,12.37,99.99,20.4432,0.0267,19.0973,0.0147,18.1411,0.0076,17.7066,0.0045,17.4588,0.0085,16.016329,0.018139048,18.845387,19.44307,17.518482,M
19557,11.38586,41.85246,15.0,0.05,15.3,0.04,15.25,0.16,15.01,0.12,11.2,0.21,20.4581,0.0096,19.1659,0.0149,18.3428,0.01,17.9717,0.0103,17.7768,0.007,16.008347,0.01822315,19.003426,19.176891,17.477964,M
22210,11.302,41.9744,15.11,0.08,15.37,0.05,15.14,0.06,14.9,0.1,12.53,99.99,20.6173,0.0317,19.2066,0.0104,18.3533,0.0054,17.9682,0.0055,17.7372,0.0126,15.976504,0.0136314845,19.029089,19.38656,17.632696,M
22378,11.35532,41.97579,14.37,0.04,15.38,0.15,14.6,0.04,14.57,0.09,12.49,99.99,20.1877,0.0301,18.6994,0.0235,17.83,0.0092,17.3591,0.011,17.132,0.0057,15.81818,0.01055912,18.46358,19.082066,17.181307,M
23433,11.47209,41.71079,14.91,0.05,15.41,0.05,15.22,0.06,14.93,0.12,12.21,99.99,20.7059,0.014,19.3855,0.013,18.3959,0.0087,17.963,0.0135,17.7323,0.0111,16.058722,0.022781866,19.139597,19.454407,17.655905,M
23999,11.02756,41.66266,15.11,0.1,15.42,0.06,15.08,0.06,14.51,0.11,11.27,99.99,-999.0,-999.0,-999.0,-999.0,-999.0,-999.0,-999.0,-999.0,-999.0,-999.0,-999.0,-999.0,-999.0,-999,-999,M
25854,11.64132,42.18588,14.9,0.06,15.47,0.06,14.86,0.05,15.64,0.26,11.25,0.13,20.303,0.0274,18.86,0.0155,18.0685,0.008,17.7281,0.0091,17.5286,0.0094,16.216331,0.013116138,18.80855,19.527542,17.63234,M
31347,11.0853,41.78075,14.79,0.05,15.59,0.18,15.43,0.2,15.29,0.17,12.84,99.99,20.3209,0.0224,18.9644,0.0175,18.1183,0.0065,17.7395,0.0206,17.5209,0.0116,16.15639,0.019085634,18.973368,19.27106,17.426956,M
440140,10.76922,41.06358,12.98,0.1,12.88,0.05,12.57,0.03,11.96,0.03,11.04,0.05,20.2546,0.0376,18.9542,0.0234,17.473,0.009,16.7915,0.0112,16.4955,0.0176,-999.0,-999.0,18.054832,18.782597,16.487118,M
440214,10.11413,41.07898,12.94,0.08,12.96,0.04,12.68,0.05,12.16,0.02,10.92,0.08,19.8446,0.0205,18.2083,0.0299,16.8945,0.0208,16.2407,0.0222,15.9627,0.0325,14.55714,0.004657454,17.707035,19.011402,16.428452,M
440710,10.85485,41.10172,13.48,0.05,13.38,0.07,13.25,0.08,12.56,0.04,11.41,0.13,20.9587,0.0245,19.255,0.0313,17.8785,0.0067,17.1578,0.0116,16.8299,0.0073,15.359442,0.01213213,18.59337,19.151094,16.983412,M
441628,10.64958,40.9118,13.57,0.1,13.81,0.07,13.42,0.04,12.93,0.03,11.84,99.99,20.592,0.034,18.9356,0.0128,17.6071,0.0221,17.061,0.0021,16.7207,0.0091,15.09068,0.007453324,18.328627,18.94961,16.842707,M
442061,10.54368,40.92425,13.9,0.12,13.94,0.05,13.76,0.04,13.29,0.04,11.57,0.2,20.0276,0.0208,18.4895,0.0136,17.499,0.0305,16.9108,0.0194,16.6862,0.0066,14.820251,0.0070806793,18.344229,18.866804,16.7861,M
442197,10.62625,40.94017,13.7,0.07,13.98,0.04,13.72,0.03,13.01,0.03,11.12,0.11,20.5953,0.0442,19.1885,0.0136,17.8169,0.007,17.2577,0.0105,16.9682,0.0131,15.448142,0.010300131,18.611435,18.991549,16.992435,M
442595,9.9621,40.89221,13.9,0.08,14.08,0.11,13.63,0.03,13.09,0.06,11.84,99.99,20.8744,0.0801,19.303,0.0613,18.0031,0.0247,17.5897,0.007,17.2959,0.0205,15.30158,0.009737853,18.774538,19.633312,17.383247,M
443013,10.35491,41.20396,13.97,0.08,14.17,0.05,13.93,0.03,14.4,0.26,9.23,0.03,20.4718,0.0315,18.7489,0.0214,17.9736,0.0318,17.3161,0.0042,17.0492,0.0175,15.5695505,0.010131541,18.727865,19.218077,17.189974,M
443457,10.57885,40.79858,14.37,0.1,14.25,0.06,14.43,0.08,13.88,0.09,10.46,0.07,20.0642,0.0153,18.6013,0.0057,17.5947,0.007,17.0557,0.0081,16.824,0.006,15.517058,0.010041315,18.3195,19.08076,16.988869,M
443692,9.8033,40.73678,14.06,0.05,14.28,0.05,14.07,0.05,14.55,0.1,12.01,0.28,20.378,0.0286,18.744,0.0295,17.8201,0.0269,17.2525,0.016,16.9577,0.0211,-999.0,-999.0,18.644947,19.847664,17.33197,M
444205,10.18511,40.73411,14.01,0.07,14.35,0.07,14.29,0.06,14.18,0.06,12.14,99.99,20.521,0.0135,18.9503,0.0175,17.8363,0.0099,17.3022,0.0076,17.0093,0.0084,15.412406,0.01099212,18.552706,19.273457,17.040241,M
445577,9.80601,40.62063,14.22,0.09,14.53,0.04,14.23,0.06,14.38,0.06,12.77,99.99,20.1546,0.0391,18.6859,0.0189,17.6989,0.0045,17.2917,0.0096,17.0174,0.009,15.62997,0.009290448,18.44471,19.358288,17.170534,M
446318,10.36167,41.20897,14.39,0.06,14.6,0.05,13.75,0.06,12.43,0.09,9.87,99.99,19.9344,0.0104,18.4863,0.009,17.735,0.0064,17.3883,0.0048,17.1913,0.0115,15.818501,0.012458897,18.306955,18.969845,17.039963,M
447330,10.38974,40.69231,14.64,0.11,14.69,0.05,14.55,0.05,14.61,0.12,12.16,99.99,20.3224,0.0231,19.0237,0.0209,18.2059,0.0134,17.7903,0.0061,17.5221,0.0089,16.084173,0.014255094,18.897951,19.120436,17.432652,M
447340,10.79392,41.04759,14.37,0.05,14.69,0.07,14.5,0.05,14.03,0.08,12.59,99.99,20.7983,0.044,19.2065,0.0161,18.0838,0.0115,17.6239,0.0089,17.3468,0.0348,-999.0,-999.0,18.713217,19.12178,17.221865,M
450446,9.75925,40.65202,14.59,0.06,14.91,0.04,14.66,0.04,14.39,0.07,12.35,99.99,20.2898,0.0199,18.901,0.0083,17.967,0.0053,17.5392,0.0058,17.3191,0.0085,16.02231,0.012196029,18.712263,19.655716,17.482782,M
451095,10.13533,40.75535,14.52,0.1,14.95,0.08,14.4,0.05,14.39,0.15,12.67,99.99,-999.0,-999.0,-999.0,-999.0,-999.0,-999.0,-999.0,-999.0,-999.0,-999.0,-999.0,-999.0,-999.0,-999,-999,M
451867,10.67919,41.02921,14.62,0.07,14.99,0.05,14.72,0.07,15.02,0.21,12.36,99.99,20.6308,0.0356,19.1554,0.0198,18.2682,0.0105,17.7231,0.0133,17.5084,0.0199,-999.0,-999.0,19.003384,18.961695,17.3189,M
452099,10.1269,41.04555,14.73,0.09,15.0,0.03,15.09,0.12,14.4,0.07,11.83,0.26,20.3654,0.0227,18.8874,0.0421,18.0865,0.0079,17.7477,0.0264,17.5106,0.0189,16.154793,0.013212557,18.763208,19.569319,17.48864,M
455747,10.12117,40.7029,15.09,0.07,15.15,0.06,15.08,0.06,14.59,0.17,11.86,99.99,20.5136,0.0422,19.1604,0.0161,18.2573,0.0075,17.8189,0.0283,17.6283,0.0198,16.265902,0.018279681,18.951063,19.312464,17.459038,M
459124,10.13308,40.72049,14.84,0.08,15.27,0.05,15.31,0.12,15.86,0.26,11.48,99.99,20.3753,0.0481,19.302,0.0312,18.2917,0.0093,17.8032,0.0047,17.5758,0.0101,15.611651,0.011317978,19.090662,18.966825,17.42999,M
465474,10.1129,40.61971,15.19,0.1,15.43,0.03,15.33,0.05,15.31,0.14,10.84,0.14,20.344,0.0208,19.1373,0.0118,18.3902,0.0065,17.9929,0.0064,17.7926,0.0113,16.524277,0.023106463,19.060215,19.15533,17.547644,M
470749,10.30913,41.2923,14.9,0.05,15.55,0.06,14.99,0.04,15.54,0.17,12.68,99.99,20.3474,0.0557,19.0673,0.0094,18.2907,0.0157,17.9045,0.0151,17.6287,0.0087,16.311409,0.019418836,18.97861,19.30697,17.558535,M
440623,9.41644,39.97754,13.51,0.08,13.32,0.03,13.07,0.05,12.43,0.02,10.56,0.07,-999.0,-999.0,-999.0,-999.0,-999.0,-999.0,-999.0,-999.0,-999.0,-999.0,-999.0,-999.0,-999.0,-999,-999,M
440780,10.33446,40.64402,13.25,0.12,13.42,0.04,13.17,0.02,12.85,0.03,10.61,0.05,19.5335,0.0164,17.9904,0.0076,16.942,0.0033,16.4396,0.0141,16.2167,0.0101,14.851761,0.00680794,17.745113,18.710686,16.454832,M
1477,11.19611,41.46725,13.45,0.1,13.36,0.04,12.76,0.08,12.04,0.06,10.48,99.99,20.7932,0.0315,18.903,0.0199,17.8702,0.0148,17.0757,0.0228,16.7221,0.0102,15.362028,0.009916726,18.703579,19.033613,17.042696,M
459,10.80176,41.62984,12.47,0.05,12.09,0.06,11.68,0.02,10.67,0.06,8.15,0.02,20.2784,0.0368,18.6451,0.0319,17.4303,0.008,16.4436,0.0098,16.0758,0.0188,14.197338,0.004309551,17.873579,19.010172,16.412699,M
1996,11.4954,41.77846,13.67,0.07,13.64,0.04,13.39,0.03,12.92,0.05,10.28,0.05,20.2247,0.0428,18.6215,0.0732,17.4163,0.046,16.7368,0.014,16.5139,0.0535,15.14324,0.0076249507,18.553404,19.41321,17.112322,M
3428,11.46883,41.8204,13.81,0.08,14.09,0.07,13.51,0.06,12.51,0.06,10.21,0.04,20.0621,0.057,18.6986,0.019,17.5985,0.0374,16.9524,0.007,16.6925,0.0118,15.409936,0.010179466,18.326056,19.11338,16.947773,M
3562,11.52604,41.83868,13.87,0.06,14.12,0.04,13.91,0.02,13.62,0.05,11.39,0.12,20.0992,0.0422,18.6394,0.0127,17.5386,0.016,16.9751,0.0088,16.6907,0.0092,-999.0,-999.0,18.328726,19.218441,16.973406,M
4037,11.20774,41.98209,14.04,0.05,14.21,0.05,13.99,0.03,13.67,0.04,12.35,99.99,19.9991,0.0326,18.6087,0.0088,17.3671,0.0088,17.0348,0.0257,16.7493,0.0171,14.823352,0.006798222,18.003756,18.951828,16.791452,M
4045,11.29042,41.99711,14.06,0.05,14.21,0.05,13.96,0.04,13.66,0.06,12.19,99.99,20.1747,0.038,18.823,0.0045,17.7536,0.0057,17.233,0.0082,16.951,0.0101,15.546582,0.008777107,18.34665,19.216433,17.071552,M
4481,10.98416,41.62153,14.12,0.04,14.29,0.07,14.05,0.08,13.75,0.07,10.84,0.13,20.0395,0.0371,18.907,0.0496,17.9572,0.0139,17.4226,0.0149,17.1752,0.0097,-999.0,-999.0,18.683086,18.879139,16.97272,M
4492,11.51743,41.85978,13.79,0.07,14.29,0.03,13.67,0.03,13.88,0.04,11.55,0.19,19.8688,0.0242,18.3736,0.014,17.427,0.012,17.0107,0.0171,16.6803,0.0139,15.219108,0.0076182154,18.296688,19.169136,16.978409,M
5045,11.38029,41.9883,14.22,0.06,14.37,0.05,14.26,0.04,14.25,0.09,9.44,0.03,20.0575,0.0216,18.6425,0.0114,17.6652,0.0038,17.2307,0.006,16.9567,0.0119,14.860321,0.0058197863,18.467567,19.177843,17.152494,M
5955,11.26086,41.73568,14.23,0.06,14.49,0.06,14.27,0.04,14.04,0.06,12.44,99.99,20.1081,0.0183,18.7468,0.0168,17.8332,0.0097,17.2227,0.0116,17.0068,0.0117,15.590549,0.012191526,18.54482,18.903027,17.036083,M
6422,11.59882,42.02806,14.46,0.07,14.54,0.03,14.54,0.07,14.27,0.13,11.39,0.11,20.5034,0.0302,19.0349,0.0414,17.9871,0.0274,17.5526,0.0104,17.3088,0.0138,15.901222,0.0118181165,18.687908,19.661142,17.377405,M
7044,11.05279,41.66341,14.37,0.07,14.61,0.03,14.23,0.09,13.64,0.06,12.94,99.99,21.1858,0.1161,19.5109,0.018,18.1661,0.0233,17.6669,0.0098,17.3856,0.0117,15.909863,0.015469928,18.925272,19.295492,17.32424,M
11407,10.99972,41.22533,14.72,0.08,14.94,0.03,14.75,0.05,14.16,0.12,10.83,0.03,20.5671,0.0192,19.1639,0.0306,18.1115,0.0133,17.6686,0.0084,17.4519,0.0125,-999.0,-999.0,18.84911,19.077194,17.26015,M
11960,10.92637,41.94931,14.6,0.06,14.97,0.08,14.5,0.06,15.23,0.14,11.51,0.11,20.2559,0.014,18.9047,0.0193,17.863,0.0083,17.4134,0.0087,17.1788,0.0148,15.871546,0.012104126,18.879242,19.830893,17.551868,M
439678,10.35337,41.27618,12.44,0.05,12.12,0.06,12.23,0.08,10.97,0.02,9.28,0.03,20.5534,0.0873,19.1162,0.1679,17.7295,0.0413,16.9536,0.0013,16.276,0.0437,14.657092,0.005677804,18.356033,19.654829,16.865297,M
440017,10.35336,41.20167,12.96,0.07,12.72,0.06,12.26,0.02,11.36,0.03,8.58,0.02,20.2955,0.0426,18.4454,0.007,17.3012,0.0305,16.6267,0.0089,16.3338,0.0156,14.879824,0.0061414377,18.326803,19.160448,16.730694,M
440085,10.35714,41.20347,12.49,0.05,12.8,0.05,12.62,0.03,12.25,0.03,9.27,99.99,20.6953,0.0367,18.5334,0.0156,17.3186,0.0181,16.3875,0.0057,15.9913,0.0304,13.674381,0.0029343206,17.972616,18.967846,16.529594,M
440260,10.14613,40.75628,12.64,0.06,13.02,0.09,12.5,0.04,11.84,0.07,9.26,0.03,19.9346,0.0737,18.1883,0.0252,16.7061,0.0047,16.1184,0.0094,15.8782,0.0302,13.720928,0.0031466598,17.90615,18.876715,16.410488,M
440295,10.19679,40.74606,12.98,0.08,13.06,0.05,12.93,0.05,12.32,0.04,10.67,0.07,19.7041,0.0176,18.0165,0.0164,17.0124,0.0415,16.38,0.0146,16.0426,0.0222,14.643584,0.0055337977,17.745525,18.667149,16.317745,M
440668,10.73324,40.81606,13.4,0.07,13.35,0.06,13.0,0.04,12.39,0.05,9.83,0.03,20.1348,0.1239,18.8877,0.0723,17.4346,0.0358,16.7437,0.0167,16.5982,0.0237,15.183944,0.007084096,18.031418,19.092642,16.747965,M
440759,10.58019,40.85459,13.18,0.09,13.41,0.06,13.1,0.04,12.52,0.12,9.74,0.03,20.2916,0.0742,18.5281,0.0087,17.0846,0.0159,16.5313,0.0248,16.2498,0.0463,14.807016,0.0059703984,17.890253,18.838259,16.505241,M
441144,10.72,40.94109,13.24,0.08,13.62,0.06,13.2,0.05,12.88,0.04,11.22,0.18,19.814,0.0146,18.0315,0.0232,17.1025,0.0065,16.5467,0.0153,16.3079,0.0089,14.046466,0.0037049844,17.878658,18.798601,16.55827,M
441504,10.32622,40.82797,13.57,0.08,13.77,0.06,13.46,0.05,13.05,0.04,10.19,0.09,20.6399,0.045,19.1207,0.0202,17.7308,0.0271,16.9478,0.0041,16.5958,0.0136,15.199799,0.008015402,18.317059,19.049406,16.823221,M
441536,10.12896,40.72488,13.45,0.06,13.78,0.03,13.23,0.05,13.29,0.12,10.39,0.15,--,--,18.9568,0.0539,17.6212,0.0103,16.8936,0.0233,16.6879,0.02,14.96366,0.006947511,18.369175,18.774193,16.81881,M
443219,10.11173,40.72961,13.87,0.07,14.2,0.05,13.88,0.03,13.41,0.07,11.34,0.22,20.0127,0.0588,18.4795,0.0138,17.4575,0.021,16.8504,0.0152,16.6898,0.0033,15.11517,0.007615423,18.191202,18.92348,16.808334,M
443517,10.43608,40.91308,13.86,0.1,14.25,0.06,13.92,0.05,13.56,0.05,11.65,0.12,20.6372,0.0528,19.0498,0.0316,17.8586,0.0095,17.179,0.0316,16.9391,0.0236,15.475895,0.010262073,18.468582,18.886793,16.89236,M
444431,10.26476,41.13046,14.15,0.08,14.39,0.03,14.11,0.05,13.66,0.05,11.5,0.21,20.5249,0.0389,19.0178,0.0236,17.843,0.0219,17.2747,0.009,17.0203,0.005,15.554097,0.0138473455,18.60608,19.347464,17.116312,M
444618,10.30147,41.15516,14.16,0.08,14.41,0.08,14.18,0.04,14.45,0.08,11.05,99.99,20.7461,0.0357,19.0736,0.012,17.9029,0.0259,17.4527,0.0034,17.1238,0.0156,15.655145,0.013838536,18.70982,19.467741,17.21422,M
445124,10.54855,40.83839,14.0,0.07,14.48,0.05,14.09,0.04,14.63,0.08,11.14,0.1,20.2561,0.0266,18.7487,0.0097,17.7245,0.0234,17.1841,0.0076,16.9473,0.0187,15.575474,0.01033457,18.50292,19.087482,17.076717,M
446755,10.87531,40.88298,14.22,0.07,14.64,0.06,14.61,0.03,14.19,0.06,13.0,99.99,19.9601,0.0381,18.6601,0.0086,17.7142,0.0075,17.229,0.0162,17.0235,0.0147,-999.0,-999.0,18.522968,19.511463,17.292227,M
446936,10.64018,40.90158,14.4,0.11,14.66,0.06,14.57,0.06,14.31,0.09,11.43,0.17,20.5461,0.0248,19.1091,0.0182,18.0553,0.0116,17.5671,0.031,17.3477,0.0128,15.447003,0.010249134,18.74745,19.065145,17.242317,M
447843,10.14657,40.68484,14.56,0.08,14.73,0.05,14.78,0.06,14.7,0.15,11.62,0.04,20.7616,0.0504,19.38,0.0157,18.1939,0.0156,17.5293,0.0141,17.304,0.0089,15.968613,0.0126118995,18.92,19.49182,17.383068,M
448157,10.34353,41.22023,14.18,0.05,14.76,0.06,14.14,0.02,14.92,0.14,13.66,99.99,20.287,0.0372,19.0345,0.0139,18.007,0.0278,17.4083,0.0114,17.1576,0.0138,15.731464,0.012203327,18.957998,19.234015,17.258333,M
450001,9.73892,40.68154,14.75,0.06,14.89,0.04,14.81,0.04,14.6,0.11,11.89,0.24,20.4675,0.0153,19.0393,0.017,18.1182,0.0067,17.6638,0.0036,17.4445,0.0155,15.681652,0.010873633,18.757614,19.720413,17.576576,M
1387,11.25549,41.65635,13.21,0.09,13.31,0.04,12.91,0.05,12.36,0.02,9.06,0.03,20.7841,0.0305,19.2989,0.0233,17.6162,0.0101,16.7068,0.02,16.3598,0.0099,15.064259,0.007946966,18.184034,18.996298,16.636835,Mc
336,11.41643,41.90113,11.76,0.05,11.64,0.04,11.64,0.05,11.61,0.04,11.05,0.1,17.0423,0.008,15.8305,0.0207,14.6921,0.0061,14.2534,0.008,14.0217,0.0043,12.794758,0.0018581985,16.122303,16.56789,14.211955,M
3100,11.5605,42.18804,13.9,0.1,14.02,0.04,13.82,0.07,13.48,0.04,11.66,0.17,20.6301,0.0344,19.2034,0.0285,17.8205,0.0092,17.1614,0.0075,16.8704,0.0071,15.334249,0.007505067,18.440687,19.67286,17.16501,M
3978,10.97694,41.18583,14.08,0.08,14.2,0.05,13.98,0.05,13.41,0.04,11.0,0.13,20.8782,0.033,19.2787,0.0264,18.5335,0.0076,17.7311,0.0666,17.2545,0.0487,-999.0,-999.0,19.054337,19.252392,17.363466,M
14430,10.55725,41.42368,14.38,0.05,15.1,0.07,14.42,0.04,14.97,0.14,11.34,99.99,20.8646,0.0334,19.4746,0.0122,18.154,0.0124,17.5187,0.0081,17.2065,0.0094,15.261026,0.010006961,18.971346,19.35086,17.2853,M
440294,10.19915,41.16002,13.11,0.06,13.06,0.03,12.85,0.03,12.13,0.03,9.59,0.02,20.3464,0.0967,18.4908,0.0355,17.4677,0.0399,16.7168,0.0119,16.4074,0.0615,14.840767,0.00590805,18.113945,19.345695,16.60517,M
440811,10.28513,41.11538,13.39,0.08,13.45,0.09,12.97,0.03,12.2,0.07,9.72,0.04,20.8358,0.0543,19.1665,0.025,17.6753,0.0163,17.1951,0.0432,16.6489,0.016,15.123311,0.009362374,18.443281,19.390804,16.899014,M
441869,10.25436,40.58515,13.81,0.06,13.89,0.04,13.63,0.03,12.75,0.03,10.44,0.12,21.4676,0.0962,19.7018,0.0207,18.2651,0.0609,17.6046,0.0112,17.2365,0.0296,15.886174,0.012484271,19.125608,19.534298,17.519697,M
445925,10.38935,40.62272,14.31,0.08,14.56,0.06,14.38,0.04,14.11,0.04,12.25,0.25,20.4409,0.0287,18.947,0.0191,17.883,0.0122,17.4425,0.0155,17.1575,0.0086,15.54827,0.012165359,18.895035,19.66662,17.478788,M
448938,10.13713,41.03185,14.58,0.06,14.82,0.04,14.65,0.04,15.01,0.14,11.59,0.13,20.5664,0.028,19.0642,0.0288,18.055,0.0192,17.6188,0.0195,17.4304,0.0143,16.110395,0.0137047265,18.751278,19.63675,17.448555,M
507062,10.06351,40.99638,14.03,0.08,16.05,0.14,13.85,0.04,13.83,0.07,11.01,0.16,-999.0,-999.0,-999.0,-999.0,-999.0,-999.0,-999.0,-999.0,-999.0,-999.0,-999.0,-999.0,-999.0,-999,-999,M
444365,9.96246,40.90631,13.91,0.05,14.38,0.07,13.67,0.04,13.7,0.06,11.12,0.15,20.2271,0.066,18.8421,0.0164,17.7265,0.0123,17.1473,0.0247,16.8748,0.0185,14.852073,0.007131622,18.47057,19.523428,17.135012,M
464102,9.98762,41.02065,14.79,0.05,15.4,0.09,14.74,0.05,14.88,0.11,12.34,99.99,20.5092,0.0204,19.057,0.0126,18.1591,0.0051,17.6819,0.0186,17.5085,0.0141,16.188034,0.013811872,18.864445,19.880184,17.601652,M
63230,10.69528,41.56023,15.96,0.08,16.04,0.05,15.82,99.99,14.06,99.99,7.32,0.09,18.0263,0.0052,17.5456,0.0107,17.401,0.0056,17.3194,0.0024,17.2347,0.0249,-999.0,-999.0,17.74531,17.747862,16.790312,O
453818,10.41122,40.73331,15.07,0.05,15.08,0.08,12.63,0.11,10.96,0.1,7.35,0.02,18.8265,0.0326,18.6885,0.0612,19.3226,0.0224,19.2819,0.0499,18.9861,0.102,17.236456,0.091275565,19.408659,18.202429,17.684486,On
627967,10.12379,40.7417,16.63,0.07,17.08,0.1,15.78,0.12,16.03,0.22,13.02,99.99,18.3385,0.0079,18.662,0.0084,18.872,0.0137,19.0421,0.0262,18.9841,0.0292,-999.0,-999.0,18.547565,18.009663,17.685202,O
136291,10.97492,41.44046,15.97,0.05,16.71,0.11,15.2,0.12,13.19,0.08,8.59,0.03,19.0739,0.0182,19.0701,0.0116,19.2515,0.0119,19.4752,0.017,19.4072,0.0718,-999.0,-999.0,19.08609,18.183807,17.267963,O
97320,11.0233,41.88035,16.05,0.05,16.38,0.09,15.92,0.14,15.16,0.17,12.65,99.99,-999.0,-999.0,-999.0,-999.0,-999.0,-999.0,-999.0,-999.0,-999.0,-999.0,17.136042,0.07586257,-999.0,-999,-999,O
109037,11.05415,41.55799,16.17,0.05,16.49,0.07,15.02,0.2,14.31,99.99,8.61,0.03,19.1973,0.0082,19.3095,0.0122,19.5702,0.0133,19.613,0.0111,19.3683,0.0439,17.778042,0.24023718,19.325483,18.421541,17.582464,O
260741,11.62942,41.98226,17.58,0.09,17.6,0.08,16.4,0.17,15.97,0.29,11.45,0.13,-999.0,-999.0,-999.0,-999.0,-999.0,-999.0,-999.0,-999.0,-999.0,-999.0,18.73083,0.20166415,-999.0,-999,-999,Oc
283048,11.66133,42.13175,17.34,0.08,17.74,0.08,16.02,0.11,14.43,0.12,11.76,0.15,19.26,0.0093,19.4729,0.0148,19.6152,0.0111,19.7132,0.0676,19.8707,0.0412,19.488045,0.32172224,19.348864,19.075382,18.857185,O
327393,10.83221,41.8754,17.44,0.08,18.01,0.11,17.11,0.25,16.26,99.99,13.15,99.99,19.5753,0.0105,19.8043,0.0149,19.9214,0.0135,20.0249,0.0108,19.8817,0.0585,18.969034,0.253868,19.728046,19.264378,18.891241,O
692770,10.00006,40.3725,16.81,0.06,17.55,0.08,14.58,0.05,13.16,0.04,10.6,0.07,18.5091,0.0203,18.747,0.0136,18.8949,0.0139,19.0453,0.017,19.0956,0.0303,17.26893,0.10602279,18.658165,18.371876,18.237637,O
468471,10.37552,40.84965,15.58,0.06,15.5,0.1,13.02,0.13,11.41,0.11,5.93,0.01,18.3476,0.0105,18.2301,0.0264,18.5104,0.0084,18.6096,0.0129,18.6615,0.0182,18.238056,0.23967952,18.374115,17.95494,17.421747,O
641984,10.29379,41.06949,17.38,0.18,17.18,0.14,17.04,0.3,15.45,0.26,11.61,0.23,19.0451,0.0058,19.3027,0.0189,19.2042,0.0256,19.7442,0.0671,19.5239,0.0387,-999.0,-999.0,19.20046,18.523224,17.914515,O
15500,10.89408,41.16441,15.32,0.08,15.15,0.11,12.22,0.11,9.77,0.07,5.79,0.01,17.9982,0.0101,17.6559,0.0178,17.9964,0.0123,17.8292,0.0104,18.0376,0.0274,17.075527,0.049216833,18.091068,17.516058,16.94153,WR
437,11.73113,42.3471,12.76,0.08,12.02,0.07,11.23,0.03,10.47,0.02,7.13,0.01,17.7647,0.0074,17.5255,0.0123,17.5755,0.0074,16.9508,0.0123,17.2664,0.0164,-999.0,-999.0,17.548006,17.57881,16.906347,QSO
6128,11.43088,41.34216,15.28,0.07,14.51,0.03,13.75,0.03,12.87,0.03,9.68,0.03,19.5701,0.0247,19.2211,0.0397,19.1849,0.0144,19.2013,0.0253,19.2728,0.0411,-999.0,-999.0,19.276766,19.335377,18.576777,QSO
9512,11.36762,41.49575,15.31,0.09,14.82,0.03,14.2,0.04,13.36,0.03,9.12,0.03,19.8574,0.014,19.4384,0.0176,19.0464,0.0145,18.9976,0.0299,18.8554,0.0202,17.578913,0.07091474,19.493563,19.251251,18.161293,QSO
13702,11.24132,41.3956,15.37,0.06,15.07,0.04,14.26,0.02,13.22,0.06,10.22,0.07,20.1309,0.0324,19.9232,0.02,19.5957,0.0168,19.3362,0.0295,19.2233,0.0498,-999.0,-999.0,19.715826,19.298616,18.239298,QSO
76232,11.92832,42.17133,16.09,0.08,16.18,0.18,14.48,0.04,15.1,0.28,9.81,0.03,20.2559,0.0093,19.9719,0.0482,19.6767,0.0156,19.6264,0.0358,19.614,0.0664,18.77383,0.15116327,19.78943,19.932278,19.114084,QSO
442125,10.40801,41.01894,15.0,0.07,13.96,0.1,13.08,0.04,11.96,0.03,8.08,0.01,19.7959,0.0197,19.3994,0.0439,19.0214,0.0161,19.0353,0.0289,19.1266,0.0486,17.909698,0.10164436,19.395298,18.412035,17.341175,QSO
443565,10.42297,40.52181,15.27,0.05,14.26,0.05,13.97,0.05,11.8,0.04,8.23,0.01,19.5222,0.0046,19.0307,0.0475,18.7653,0.0306,18.5521,0.0249,18.6537,0.059,-999.0,-999.0,18.559278,18.674538,17.960594,QSO
445485,10.35925,40.89091,15.27,0.09,14.51,0.04,13.91,0.1,12.89,0.07,9.2,0.02,19.9796,0.0277,19.5003,0.0174,19.3976,0.0222,19.4689,0.0939,19.4061,0.0476,18.459833,0.19367209,20.036684,--,--,QSO
447058,10.43832,41.4397,15.6,0.04,14.67,0.04,13.94,0.03,12.9,0.03,9.68,0.05,20.5268,0.0325,20.0557,0.0444,19.8456,0.0262,20.1512,0.0439,19.7901,0.1122,19.861345,0.63665026,20.166435,19.564888,18.65753,QSO
447072,10.56247,40.65284,15.57,0.08,14.67,0.05,13.68,0.04,12.55,0.04,8.7,0.02,19.9444,0.0317,19.8052,0.0271,19.5339,0.0248,19.4557,0.0155,19.3599,0.0384,18.578978,0.122398965,19.89336,19.859873,18.898308,QSO
463961,9.73629,40.57967,16.19,0.13,15.4,0.04,14.96,0.11,13.54,0.05,9.5,0.03,20.6428,0.025,20.338,0.0438,20.453,0.0292,20.2014,0.0607,19.685,0.0606,18.88036,0.18208712,20.469269,20.188559,19.215797,QSO
709,11.13215,41.94156,12.61,0.05,12.59,0.07,12.48,0.03,13.25,0.13,9.92,0.04,-999.0,-999.0,-999.0,-999.0,-999.0,-999.0,-999.0,-999.0,-999.0,-999.0,-999.0,-999.0,-999.0,-999,-999,RSG
875,11.7032,42.07156,12.93,0.07,12.84,0.05,12.53,0.03,11.67,0.02,8.78,0.02,20.7752,0.077,18.9227,0.0353,17.3625,0.0312,16.839,0.0018,16.2289,0.0224,14.050302,0.0033169203,18.140465,19.854195,16.72485,RSG
991,10.94227,41.19429,13.02,0.07,12.96,0.04,12.44,0.03,11.48,0.07,8.97,0.13,20.5967,0.0268,19.0283,0.0175,17.538,0.0269,16.7869,0.0305,16.4422,0.0245,-999.0,-999.0,18.562977,18.988693,16.878971,RSG
1158,11.0678,41.35194,13.24,0.06,13.13,0.05,13.23,0.12,11.31,0.04,8.08,0.02,18.3728,0.0159,17.972,0.0096,17.1886,0.0239,16.6751,0.0116,16.2123,0.0396,-999.0,-999.0,18.135916,17.864721,16.557877,RSG
1209,10.94717,41.20113,13.12,0.06,13.17,0.06,12.88,0.04,12.2,0.03,9.65,0.03,20.7263,0.095,18.7841,0.0579,17.6509,0.0424,16.6425,0.015,16.4406,0.0358,-999.0,-999.0,18.573044,18.983332,16.878538,RSG
1484,11.06572,41.2975,13.27,0.06,13.37,0.07,13.15,0.04,12.66,0.03,10.44,0.12,20.5937,0.0619,19.1484,0.0294,17.6018,0.0457,16.9109,0.0107,16.4791,0.0121,-999.0,-999.0,18.10138,18.79507,16.604511,RSG
1617,11.02752,41.26026,13.44,0.08,13.46,0.04,13.24,0.04,12.77,0.04,10.37,0.08,20.5129,0.1011,19.2476,0.0345,17.6861,0.0231,16.9294,0.0248,16.6013,0.0162,-999.0,-999.0,18.465652,19.095825,16.856413,RSG
1847,11.12697,41.41004,13.57,0.07,13.57,0.04,13.36,0.05,12.53,0.04,10.72,0.17,20.1227,0.1138,18.6497,0.0732,17.6101,0.016,16.908,0.0484,16.5226,0.0259,14.502123,0.0071392697,18.15884,18.754105,16.624243,RSG
2273,10.97483,41.21552,13.69,0.05,13.77,0.04,13.54,0.03,12.62,0.04,9.64,0.07,22.825,--,19.39,0.0504,17.8678,0.0211,17.4651,0.0097,17.0831,0.0169,-999.0,-999.0,18.605867,18.912045,16.920725,RSG
3072,11.34351,41.75358,14.23,0.08,14.01,0.05,14.61,0.13,13.34,0.04,11.1,0.16,20.4924,0.0404,19.042,0.0112,17.7393,0.0278,17.0106,0.0055,16.7841,0.0186,15.408986,0.012208464,18.518423,19.07114,16.996477,RSG
3098,10.99167,41.35401,13.73,0.06,14.01,0.08,13.76,0.05,13.16,0.05,11.25,0.15,20.5909,0.0251,19.0404,0.0299,17.6859,0.0113,17.1234,0.0072,16.8045,0.0095,-999.0,-999.0,18.416164,18.517054,16.721899,RSG
3257,10.5732,41.58436,13.88,0.05,14.05,0.05,13.73,0.05,13.31,0.03,10.51,0.09,19.6971,0.0179,18.4622,0.0675,17.5918,0.1084,17.3563,0.0047,16.6871,0.0137,15.400467,0.010456599,18.420391,19.229221,17.03402,RSG
5140,11.37026,41.64118,14.3,0.08,14.38,0.04,14.16,0.05,13.94,0.06,11.62,0.15,20.823,0.0459,19.2629,0.0169,18.2799,0.0136,17.6756,0.0049,17.3821,0.0207,15.867519,0.014038193,19.050278,19.344444,17.383179,RSG
5559,10.49498,41.51568,14.34,0.06,14.44,0.05,14.35,0.05,14.16,0.08,13.04,99.99,19.1887,0.014,17.9446,0.0058,17.252,0.0101,15.3285,0.0956,16.7414,0.0173,15.488882,0.01074781,17.936316,18.700195,16.806067,RSG
6580,11.61262,41.54359,14.65,0.03,14.56,0.03,14.59,0.04,14.24,0.06,11.4,0.11,20.2491,0.0568,19.122,0.0206,18.4136,0.0234,18.2157,0.0169,17.9869,0.0166,16.12928,0.022518326,19.895493,19.452946,17.746593,RSG
8236,11.23876,41.86252,14.46,0.06,14.72,0.06,14.59,0.05,15.17,0.3,12.28,99.99,19.6901,0.0233,18.3689,0.013,17.6463,0.0082,17.3128,0.0128,17.0928,0.0097,15.758879,0.012435609,18.319393,18.80186,17.021627,RSG
8416,11.95284,42.07321,14.58,0.06,14.73,0.05,14.49,0.04,14.06,0.05,12.64,99.99,19.6781,0.0149,18.3693,0.0089,17.6744,0.0074,17.3491,0.0063,17.1106,0.0121,15.927988,0.012226383,18.340765,19.044342,17.278181,RSG
8634,11.36723,41.65474,14.6,0.08,14.75,0.04,14.74,0.04,14.84,0.14,12.62,99.99,20.4872,0.0364,19.0781,0.0078,18.2216,0.0078,17.7772,0.0204,17.5018,0.0101,16.049376,0.016037092,19.056566,19.094862,17.422924,RSG
9167,11.10196,41.53953,14.66,0.04,14.79,0.05,13.82,0.02,13.09,0.06,9.36,0.03,20.4936,0.0411,19.1677,0.0223,18.5779,0.0057,18.2353,0.0279,18.0547,0.016,16.402998,0.045019228,19.386564,18.825846,17.338339,RSG
20096,10.666,41.34864,15.34,0.03,15.31,0.09,15.28,0.07,14.23,0.1,10.53,0.07,19.3678,0.1935,18.8716,0.076,18.2358,0.0677,17.5184,0.0,18.0429,0.0159,-999.0,-999.0,-999.0,-999,-999,RSG
39447,11.34666,41.61735,15.04,0.09,15.73,0.14,15.41,0.08,15.49,0.17,12.43,99.99,14.376,--,19.1948,0.0159,18.3942,0.007,17.9763,0.0123,17.7232,0.0074,-999.0,-999.0,19.131866,18.966484,17.41554,RSG
45122,10.99835,41.31497,15.55,0.04,15.82,0.05,15.62,0.08,15.13,99.99,12.29,99.99,20.0361,0.0328,19.0593,0.0222,19.0384,0.0096,18.6243,0.0443,18.3473,0.0599,-999.0,-999.0,19.276464,18.635912,17.420675,RSG
53361,11.94692,42.31493,15.64,0.06,15.93,0.03,16.12,0.15,15.77,0.3,13.08,99.99,-999.0,-999.0,-999.0,-999.0,-999.0,-999.0,-999.0,-999.0,-999.0,-999.0,-999.0,-999.0,-999.0,-999,-999,RSG
244476,11.33305,41.64909,14.53,0.05,17.49,0.2,14.66,0.05,15.19,99.99,11.63,0.15,19.2301,0.0115,18.2257,0.0186,17.6163,0.0109,17.2118,0.0134,16.98,0.0102,15.69083,0.013324112,18.288258,18.391989,16.860483,RSG
439941,10.15027,40.63994,13.21,0.11,12.61,0.06,12.11,0.05,11.09,0.03,8.35,0.02,20.746,0.0383,18.8063,0.0129,17.6872,0.019,17.0485,0.0044,16.8883,0.0137,15.452266,0.008783835,18.631742,19.252525,17.105669,RSG
440224,9.93306,40.35139,13.24,0.07,12.97,0.06,13.58,0.09,12.18,0.03,9.68,0.13,25.544,--,18.8209,0.0252,17.648,0.0265,17.0477,0.0216,16.7101,0.0217,15.114574,0.008753172,18.774147,19.579573,17.285566,RSG
440497,10.40994,41.38896,13.17,0.08,13.23,0.05,12.98,0.04,12.85,0.04,12.51,99.99,19.2519,0.0086,17.6678,0.0314,16.6707,0.0134,16.1913,0.0315,15.8948,0.0141,14.418973,0.00461578,17.25515,18.346704,16.083403,RSG
440968,10.1211,40.57033,13.48,0.05,13.53,0.07,13.24,0.05,12.58,0.04,9.81,0.03,20.4135,0.0677,19.0899,0.023,17.7061,0.0074,17.0002,0.0061,16.6547,0.0053,14.911997,0.0073061613,18.128384,18.780212,16.68672,RSG
441506,9.929,40.34767,13.58,0.05,13.77,0.07,13.81,0.08,13.2,0.06,8.65,0.02,21.315,--,18.9068,0.0196,17.7144,0.0377,17.0435,0.0166,16.6393,0.0066,14.145892,0.0043055248,18.349768,19.236135,16.996609,RSG
442323,10.10223,40.74584,13.8,0.1,14.02,0.06,13.64,0.04,13.38,0.06,12.12,99.99,20.8867,0.0434,19.3719,0.0152,17.9636,0.012,17.345,0.0259,16.9614,0.0141,14.927244,0.0073138857,18.759682,19.07173,17.111645,RSG
442576,10.29015,40.82237,13.67,0.07,14.08,0.06,13.43,0.04,12.6,0.08,10.62,0.25,20.7266,0.0296,19.0233,0.0469,17.7074,0.0014,17.0767,0.0075,16.7206,0.0069,14.713467,0.006021668,18.443281,19.183819,16.920237,RSG
443006,10.40262,41.00502,14.55,0.04,14.17,0.08,14.27,0.09,14.56,0.13,12.46,99.99,19.7465,0.0397,18.2017,0.0009,18.0062,0.0216,17.9503,0.0582,17.7185,0.0328,15.146701,0.027435793,-999.0,-999,-999,RSG
443763,10.11105,40.83893,14.06,0.08,14.3,0.08,14.02,0.03,13.88,0.05,12.59,99.99,20.7919,0.0391,19.1185,0.0298,17.9091,0.0189,17.3282,0.0048,17.1206,0.0085,15.701286,0.012446804,18.601803,19.271814,17.149004,RSG
444610,9.90388,40.85574,14.27,0.11,14.41,0.04,14.21,0.05,13.87,0.04,12.34,0.11,20.7,0.0239,19.3026,0.0163,18.0121,0.0086,17.3889,0.0094,17.0175,0.023,15.6509695,0.009511517,18.63119,19.649544,17.285925,RSG
447048,10.0993,40.56447,14.39,0.05,14.67,0.04,14.5,0.03,14.2,0.08,11.66,0.25,19.6817,0.0239,18.2331,0.0202,17.5965,0.0216,17.2418,0.0238,17.015,0.0117,15.363353,0.009880145,18.115137,18.699018,16.902401,RSG
456720,9.8764,40.73156,14.83,0.09,15.19,0.07,15.13,0.07,15.2,0.12,11.98,99.99,19.881,0.0136,18.5533,0.0065,17.9098,0.0047,17.6055,0.0076,17.4282,0.0109,15.918016,0.016250918,18.548065,19.32381,17.425087,RSG
458446,10.21186,41.09475,14.46,0.05,15.25,0.06,14.53,0.04,14.99,0.09,12.53,99.99,20.6335,0.0296,19.1354,0.0164,18.0983,0.007,17.6477,0.0102,17.3755,0.0143,15.854713,0.013168626,18.770489,19.478182,17.369694,RSG
478183,10.5199,41.22817,15.8,0.07,15.68,0.07,16.33,0.24,15.55,99.99,12.97,0.28,20.0202,0.0574,19.1875,0.0468,18.5196,0.0509,18.5782,0.0112,18.2761,0.0622,16.570066,0.084138505,-999.0,-999,-999,RSG
5881,10.86268,41.46926,14.28,0.12,14.48,0.06,14.25,0.04,14.05,0.06,12.41,99.99,17.7207,0.0135,17.5661,0.0078,17.1112,0.0053,17.0132,0.0049,16.8037,0.0109,-999.0,-999.0,17.367966,17.281836,16.277254,RSGb
18419,10.93567,41.18474,14.78,0.06,15.26,0.08,14.32,0.11,13.6,0.11,10.76,0.13,19.9864,0.0378,19.2205,0.0161,18.6387,0.0162,18.2505,0.0129,17.9421,0.0365,-999.0,-999.0,19.840836,--,--,RSGb
31518,10.72619,41.45016,15.37,0.04,15.59,0.1,15.77,0.13,14.57,0.21,11.12,0.12,19.9692,0.0282,18.8123,0.0125,18.3094,0.0119,17.9765,0.0756,17.8568,0.0196,-999.0,-999.0,18.78829,18.484297,17.093405,RSGb
34269,10.87011,41.31539,15.2,0.04,15.64,0.07,14.68,0.09,13.92,0.08,9.64,0.04,19.5032,0.0303,18.7713,0.0142,18.4279,0.01,18.1248,0.025,17.9618,0.012,-999.0,-999.0,19.125175,--,--,RSGb
37458,11.0429,41.2994,15.82,0.05,15.7,0.06,14.59,0.07,15.65,99.99,11.81,99.99,19.9088,0.0314,18.9788,0.016,18.4541,0.0065,18.1911,0.0172,18.0171,0.0151,-999.0,-999.0,19.076689,18.768377,17.405378,RSGb
69011,10.96585,41.2422,15.88,0.05,16.11,0.1,15.95,0.12,14.17,0.12,10.35,0.13,19.6909,0.0193,19.0886,0.0194,18.7544,0.0237,18.5048,0.0407,18.4509,0.0261,-999.0,-999.0,19.117273,18.659113,17.508734,RSGb
442277,9.96067,40.88532,13.94,0.1,14.01,0.08,13.7,0.04,13.08,0.04,10.04,0.08,19.0624,0.0116,18.6416,0.0344,17.8289,0.0065,17.2889,0.022,16.9148,0.0094,15.4481945,0.010492168,18.613363,18.642609,17.224329,RSGb
444725,9.91962,40.85711,14.34,0.06,14.43,0.05,14.15,0.06,13.81,0.04,11.31,0.08,19.8859,0.018,18.7076,0.0179,17.6875,0.006,17.2602,0.0147,16.9908,0.0231,15.675334,0.009218036,18.38446,19.289577,17.169043,RSGb
445701,10.43851,41.20832,14.68,0.04,14.54,0.05,14.2,0.03,14.03,0.05,10.75,0.08,19.3263,0.021,19.2312,0.0221,18.9161,0.0299,18.8174,0.0146,18.7603,0.0166,16.720774,0.054595634,19.859457,--,--,RSGb
451830,10.72212,41.16973,15.13,0.03,14.99,0.05,14.94,0.06,13.65,0.09,12.14,0.09,20.1404,0.036,19.3599,0.0271,18.8841,0.0395,18.5249,0.1392,18.7088,0.0515,-999.0,-999.0,19.562334,--,--,RSGb
452977,10.49435,40.8942,14.69,0.06,15.04,0.06,15.13,0.13,14.41,0.11,12.59,99.99,19.7325,0.033,19.0157,0.0118,18.2579,0.0078,17.7435,0.024,17.5337,0.0111,16.131002,0.01756801,18.793383,18.829964,17.3092,RSGb
455305,10.2478,41.04156,14.64,0.06,15.14,0.05,14.48,0.07,13.99,0.16,9.03,0.02,19.5805,0.0285,18.7674,0.0071,18.0577,0.0038,17.7418,0.0168,17.4642,0.0094,16.083515,0.02084326,18.752642,18.811308,17.279161,RSGb
469876,10.12553,40.75057,15.33,0.03,15.53,0.04,15.3,0.08,14.9,0.14,12.29,99.99,19.6678,0.0368,19.5018,0.0069,18.9031,0.0201,18.7487,0.0158,18.4741,0.0305,16.845879,0.051602837,19.739351,18.626139,17.65775,RSGb
472226,10.4572,40.88347,15.32,0.11,15.58,0.05,15.26,0.05,15.47,0.21,12.53,99.99,19.6435,0.0142,19.2145,0.0077,18.6335,0.0074,18.2703,0.0127,18.1043,0.0142,16.700796,0.031620733,19.413183,18.752388,17.546852,RSGb
478112,10.14181,40.74171,15.26,0.05,15.68,0.06,15.42,0.07,15.79,0.23,12.26,99.99,18.991,0.0095,18.408,0.0541,18.0348,0.0117,17.852,0.0122,17.6283,0.0102,-999.0,-999.0,18.76588,18.453669,17.244074,RSGb
483396,10.66138,40.89728,15.26,0.06,15.76,0.17,15.75,0.06,16.15,99.99,12.47,99.99,20.0602,0.0444,19.15,0.014,18.4623,0.021,18.1001,0.0134,17.9682,0.0247,16.703556,0.025905069,19.164627,18.796904,17.450548,RSGb
484173,10.27714,40.81361,15.52,0.11,15.77,0.05,15.54,0.11,14.95,0.15,10.64,0.09,20.4815,0.0263,19.4346,0.0056,18.7512,0.0157,18.3605,0.0195,18.1691,0.0153,16.898876,0.032715462,19.303244,19.194578,17.696985,RSGb
485263,9.92545,40.87257,15.52,0.05,15.79,0.03,15.41,0.08,15.87,0.25,12.49,99.99,18.7965,0.0281,18.7793,0.0286,18.422,0.0157,18.2177,0.0249,18.122,0.0246,16.730116,0.029692767,-999.0,-999,-999,RSGb
507247,10.54043,41.22788,15.57,0.11,16.06,0.14,15.15,0.09,15.5,0.25,12.07,99.99,19.7558,0.0305,19.1774,0.0483,18.6125,0.0979,18.6599,0.0608,18.2318,0.0914,-999.0,-999.0,19.44242,--,--,RSGb
616813,10.08915,40.67673,16.3,0.09,16.99,0.09,16.81,0.21,15.34,99.99,12.54,99.99,19.6849,0.0474,19.3332,0.0216,19.13,0.0214,18.8466,0.0319,18.7776,0.0336,17.677553,0.065818384,19.969398,--,--,RSGb
450343,10.68331,41.22906,14.43,0.07,14.91,0.15,13.88,0.08,14.08,0.08,10.89,0.08,18.6023,0.1535,17.3205,0.0322,15.9661,0.0,15.3165,0.0061,17.0668,0.0243,-999.0,-999.0,19.372583,--,--,RSG
3331,11.35916,42.01296,13.83,0.06,14.07,0.03,13.77,0.05,14.19,0.1,12.75,99.99,20.7926,0.0255,19.0595,0.0313,17.7438,0.0102,17.195,0.0099,16.8241,0.0104,15.316416,0.007861219,18.47935,19.480047,17.112587,RSGc
4297,10.88203,41.20422,13.99,0.06,14.26,0.05,13.98,0.04,13.78,0.06,12.22,0.28,20.3157,0.0565,19.1928,0.0747,17.9189,0.0177,17.2572,0.0103,16.9942,0.0209,-999.0,-999.0,18.808285,18.553205,16.92951,RSGc
6903,11.73597,41.97026,14.5,0.07,14.6,0.05,14.4,0.03,13.97,0.06,12.79,99.99,19.8954,0.0291,18.5283,0.0048,17.7692,0.0055,17.4042,0.0052,17.1767,0.0097,15.856122,0.010877694,18.48275,19.224886,17.33171,RSGc
8590,11.10516,41.92128,14.62,0.05,14.74,0.06,14.52,0.06,14.47,0.09,12.65,99.99,20.5211,0.0264,18.9723,0.0112,17.9685,0.0158,17.6108,0.0121,17.3097,0.0147,15.924298,0.0142772775,18.741121,19.53688,17.457869,RSGc
13484,10.62081,41.34173,14.75,0.02,15.05,0.06,14.85,0.1,14.45,0.19,11.91,99.99,19.9286,0.0646,19.0183,0.0913,18.1914,0.1053,16.9028,0.1855,17.6454,0.0229,-999.0,-999.0,-999.0,-999,-999,RSGc
14166,11.66699,42.22374,14.72,0.09,15.09,0.04,14.67,0.08,14.44,0.06,12.7,99.99,20.3648,0.0214,18.9989,0.0067,18.1245,0.0089,17.734,0.0078,17.501,0.0039,16.114843,0.014088587,18.857727,19.83763,17.642817,RSGc
25594,11.08502,42.12544,15.46,0.05,15.46,0.05,15.09,0.06,15.23,0.13,11.86,99.99,20.0495,0.0126,18.7658,0.0096,18.1705,0.0063,17.8832,0.0092,17.7437,0.007,16.278572,0.018581623,18.761894,19.468262,17.718393,RSGc
25919,11.69239,41.78204,15.32,0.06,15.47,0.03,15.61,0.08,14.95,0.11,12.33,99.99,20.2104,0.0199,18.9132,0.0068,18.3356,0.0093,18.0562,0.0121,17.8532,0.0117,16.578337,0.02310654,18.980825,19.643248,17.836721,RSGc
25971,12.05858,42.23365,15.3,0.08,15.47,0.04,15.39,0.1,15.38,0.15,12.32,0.27,20.2756,0.0122,18.9673,0.0089,18.3352,0.0061,17.9948,0.0123,17.8182,0.0058,16.59002,0.022560544,18.925968,19.832012,17.913843,RSGc
26714,11.64816,42.23201,15.35,0.05,15.49,0.05,15.32,0.08,16.01,0.23,12.59,99.99,20.6604,0.0249,19.3867,0.007,18.7785,0.008,18.4075,0.0184,18.2773,0.0212,16.607021,0.029710108,19.3943,19.936972,18.177015,RSGc
47065,10.55703,41.56685,15.51,0.04,15.84,0.06,15.42,0.1,15.43,0.19,11.35,0.22,20.2071,0.0177,18.9354,0.0101,18.3905,0.0126,18.1146,0.0476,18.0195,0.0054,16.716799,0.03010292,19.003046,19.299698,17.734983,RSGc
53390,11.65228,42.31813,15.23,0.06,15.93,0.06,15.33,0.06,15.25,0.14,12.67,99.99,-999.0,-999.0,-999.0,-999.0,-999.0,-999.0,-999.0,-999.0,-999.0,-999.0,16.514704,0.0211524,19.07382,19.878115,17.89498,RSGc
80281,11.50201,41.88356,15.75,0.03,16.22,0.08,15.81,0.09,15.5,0.18,12.42,99.99,20.733,0.0334,19.3443,0.0083,18.704,0.0139,18.3897,0.0148,18.2397,0.0221,16.792223,0.03118166,19.296917,19.569984,17.996473,RSGc
440059,10.9028,41.13685,12.76,0.09,12.77,0.03,12.74,0.03,12.65,0.05,10.95,0.22,16.3915,0.0311,15.7149,0.0128,15.3566,0.0193,15.1055,0.0249,15.0824,0.0243,13.564105,0.0042682714,16.211384,15.995594,14.677702,RSGc
440628,9.79417,40.42938,13.35,0.05,13.33,0.03,13.51,0.04,12.41,0.02,9.87,0.02,20.8384,0.0272,19.3436,0.0406,18.3649,0.057,17.1475,0.0176,16.6252,0.0302,15.085385,0.008614209,18.631752,19.925581,17.18889,RSGc
440769,9.62198,40.51674,13.36,0.08,13.41,0.04,13.06,0.04,12.72,0.05,10.48,0.05,19.4369,0.0116,17.9648,0.0071,17.0574,0.0111,16.6085,0.0187,16.3528,0.0074,-999.0,-999.0,17.603573,18.772898,16.494864,RSGc
442278,9.76384,40.51191,14.04,0.08,14.01,0.04,13.78,0.07,13.39,0.04,10.95,0.09,19.6591,0.02,18.1434,0.0042,17.349,0.0082,16.8383,0.007,16.6494,0.0119,-999.0,-999.0,18.093513,19.095789,16.917616,RSGc
442589,9.81879,40.61784,13.71,0.08,14.08,0.04,13.6,0.04,13.98,0.05,12.04,0.15,20.6587,0.0277,19.2339,0.0234,17.6712,0.0107,16.9086,0.0074,16.4954,0.01,15.0322485,0.006481947,19.81264,--,--,RSGc
444588,9.8996,40.45178,14.3,0.08,14.41,0.05,14.23,0.05,13.96,0.05,12.11,0.23,-999.0,-999.0,-999.0,-999.0,-999.0,-999.0,-999.0,-999.0,-999.0,-999.0,15.6739645,0.011780498,-999.0,-999,-999,RSGc
444731,9.78337,40.4895,14.24,0.09,14.43,0.04,14.11,0.06,13.88,0.05,12.39,99.99,19.5759,0.0331,18.1735,0.0096,17.459,0.0044,17.06,0.0096,16.8768,0.0066,15.539966,0.013870648,18.052454,18.948742,16.951275,RSGc
448138,9.83272,40.63335,14.22,0.04,14.76,0.07,14.16,0.05,13.98,0.12,10.48,0.05,19.6758,0.0124,18.7778,0.0268,17.9609,0.0334,17.7279,0.0211,17.4385,0.0196,15.448334,0.019151814,19.556618,--,--,RSGc
452421,9.82811,40.48138,14.86,0.09,15.01,0.05,14.76,0.07,14.54,0.1,12.51,99.99,20.3487,0.0379,18.9646,0.0101,18.1048,0.0351,17.6094,0.0125,17.3539,0.0092,15.737818,0.053016357,18.793318,19.87205,17.509146,RSGc
452840,9.94665,40.64847,14.79,0.07,15.03,0.05,14.75,0.05,14.42,0.06,12.17,99.99,20.288,0.0287,18.9957,0.018,18.1125,0.013,17.7019,0.0108,17.5026,0.0163,-999.0,-999.0,18.864874,19.48502,17.484972,RSGc
456494,10.06483,40.49107,14.96,0.05,15.18,0.07,15.06,0.05,14.73,0.1,12.58,99.99,20.4103,0.0197,19.2036,0.0096,18.2286,0.0122,17.7786,0.0084,17.5489,0.0075,16.263111,0.01954416,18.943283,19.439054,17.625715,RSGc
462424,9.82227,40.4036,15.2,0.05,15.36,0.05,15.28,0.06,15.34,0.16,12.66,99.99,20.3085,0.0128,19.0003,0.0133,18.3247,0.0088,17.99,0.0058,17.7916,0.0095,-999.0,-999.0,18.93282,19.561993,17.752277,RSGc
466760,9.89276,40.33821,14.43,0.04,15.46,0.1,14.51,0.04,14.34,0.11,9.67,0.05,20.099,0.0332,18.7831,0.026,17.863,0.0071,17.4804,0.007,17.2612,0.0101,15.817593,0.014779457,18.63173,19.254126,17.320757,RSGc
498805,9.79071,40.49742,15.69,0.09,15.96,0.03,15.59,0.07,15.37,0.12,12.09,0.17,20.8457,0.0185,19.4669,0.0086,18.7627,0.0058,18.4507,0.0113,18.2582,0.0163,17.146952,0.048723083,19.381426,19.970057,18.134295,RSGc
482917,9.83155,40.37001,15.93,0.05,15.75,0.07,15.56,0.07,14.35,0.13,9.59,0.02,19.3149,0.0092,19.0394,0.0086,19.0588,0.0103,19.0533,0.0222,18.9944,0.0186,17.828821,0.1149014,19.153053,19.030853,18.385086,WR
232783,11.06584,41.33096,17.21,0.11,17.41,0.1,16.03,0.13,13.8,0.12,11.04,99.99,-999.0,-999.0,-999.0,-999.0,-999.0,-999.0,-999.0,-999.0,-999.0,-999.0,-999.0,-999.0,-999.0,-999,-999,WR
244593,11.14593,41.42914,17.23,0.1,17.49,0.08,16.11,0.13,13.8,0.1,11.29,99.99,--,--,--,--,20.9753,0.02,20.4814,0.0771,20.1329,0.0244,19.842218,0.8443125,-999.0,-999,-999,WR
515626,9.91665,40.58074,16.08,0.06,16.14,0.07,16.09,0.1,15.25,0.16,12.59,99.99,20.5721,0.022,20.493,0.0299,20.5003,0.0497,19.6114,0.0493,19.2001,0.0683,17.62232,0.13151692,20.633171,19.748072,18.690426,WR
19309,11.10481,41.34708,15.42,0.03,15.29,0.04,14.99,0.12,12.68,0.12,10.02,99.99,16.501,0.0169,16.5508,0.0665,16.6742,0.036,16.7574,0.0327,16.8075,0.0136,-999.0,-999.0,-999.0,-999,-999,WR
48994,11.28802,41.67267,15.64,0.06,15.87,0.05,15.47,0.07,14.15,0.1,12.01,99.99,20.2181,0.0188,20.0805,0.0406,19.7165,0.0246,19.2944,0.0403,18.8242,0.0519,17.296116,0.058492232,20.285305,--,--,WR
66217,11.42595,41.75285,16.42,0.09,16.08,0.03,16.07,0.09,15.02,0.12,9.92,0.05,19.7445,0.0149,19.1761,0.023,19.046,0.0203,18.9486,0.0138,18.9033,0.0421,17.854883,0.069846265,18.846708,18.700195,17.710747,WR
79067,10.67638,41.65618,16.46,0.07,16.21,0.06,16.0,0.1,15.57,0.14,10.93,0.09,18.6204,0.0137,18.3681,0.009,18.4469,0.0043,18.5091,0.013,18.5033,0.0168,-999.0,-999.0,18.432209,18.396814,17.7655,WR
117923,10.9045,41.71016,16.22,0.04,16.56,0.06,15.99,0.1,14.65,0.13,11.15,99.99,19.444,0.0088,19.2876,0.0085,19.3599,0.01,19.368,0.0153,19.2615,0.0747,17.782856,0.12509656,19.362787,18.92518,18.162178,WR
185222,11.29639,42.08913,17.17,0.08,17.08,0.08,16.27,0.12,15.56,0.21,12.08,99.99,-999.0,-999.0,-999.0,-999.0,-999.0,-999.0,-999.0,-999.0,-999.0,-999.0,17.924435,0.07772328,18.634129,18.635826,18.115278,WR
57402,10.74004,41.62426,16.07,0.04,15.98,0.11,14.31,0.13,11.71,0.11,8.45,0.03,-999.0,-999.0,-999.0,-999.0,-999.0,-999.0,-999.0,-999.0,-999.0,-999.0,16.67119,0.07438244,-999.0,-999,-999,WR
106728,11.14423,41.4069,16.18,0.05,16.47,0.09,16.07,0.23,15.39,0.2,11.23,99.99,19.9077,0.0166,20.1093,0.0414,20.0646,0.0218,19.9972,0.0581,19.7108,0.0461,17.287891,0.14443357,20.176855,--,--,WR
282835,11.43603,41.87806,16.01,0.06,17.73,0.2,15.96,0.13,14.65,99.99,10.24,0.08,20.9187,0.076,20.8211,0.1295,21.0305,0.0905,20.6448,0.1922,19.7294,0.0737,18.10886,0.07196813,-999.0,-999,-999,WR
282905,11.68749,42.2167,18.12,0.11,17.74,0.12,16.8,0.23,15.48,99.99,11.51,0.15,21.7311,0.0398,21.4556,0.0393,21.3883,0.0721,21.0705,0.2192,--,--,-999.0,-999.0,-999.0,-999,-999,WR
488437,10.72773,41.04046,16.02,0.03,15.83,0.06,15.08,0.05,13.64,0.08,8.58,0.02,19.9661,0.0608,19.4634,0.0482,19.8609,0.0135,19.4286,0.0837,19.062,0.0237,-999.0,-999.0,-999.0,-999,-999,WRn
173631,11.04533,41.27329,16.79,0.03,16.99,0.09,16.76,0.19,15.58,99.99,11.68,99.99,20.1347,0.0194,20.22,0.0334,20.2753,0.0111,20.2921,0.1134,20.0048,0.072,-999.0,-999.0,20.31324,--,--,WR
468155,10.3165,41.15179,15.28,0.03,15.49,0.14,15.26,0.11,14.33,0.2,11.18,99.99,21.742,0.1337,21.2473,0.184,20.2239,0.1713,19.855,0.0686,19.2412,0.0538,16.740545,0.06862327,-999.0,-999,-999,WR
562344,10.02317,40.98014,16.29,0.05,16.57,0.07,15.9,0.21,14.94,0.15,10.83,0.05,20.2474,0.0216,20.0519,0.0184,19.952,0.0197,19.8622,0.0324,19.6823,0.0297,17.924278,0.10554792,20.10298,19.864311,18.841726,WR
19920,11.1564,41.86767,15.29,0.08,15.31,0.06,14.73,0.13,11.84,0.21,7.31,0.01,20.3942,0.0377,20.3773,0.0417,20.4322,0.0293,19.7941,0.0516,19.141,0.0231,17.217836,0.063537516,20.650892,--,--,WR
63315,11.10726,41.83876,15.75,0.07,16.05,0.06,14.85,0.13,13.7,0.05,11.15,99.99,20.129,0.035,20.2651,0.0225,20.3205,0.0176,20.3437,0.0689,--,--,-999.0,-999.0,20.472229,--,--,WR
35578,11.26173,41.92582,15.65,0.08,15.67,0.07,15.15,0.05,14.99,0.13,10.84,0.21,--,--,--,--,--,--,19.5266,0.1303,19.0448,0.0041,18.011778,0.10748741,20.391573,--,--,WR
341479,10.73677,41.64372,17.55,0.07,18.1,0.18,17.13,99.99,15.99,0.23,12.47,99.99,-999.0,-999.0,-999.0,-999.0,-999.0,-999.0,-999.0,-999.0,-999.0,-999.0,-999.0,-999.0,21.03459,--,--,WR
540922,10.13192,40.65248,16.38,0.04,16.39,0.04,15.47,0.09,14.78,0.19,11.73,99.99,19.2928,0.0246,19.2781,0.0164,19.1828,0.0233,19.2427,0.0135,19.108,0.0575,18.194872,0.28863633,19.399406,18.638195,17.937572,WR
569811,10.35882,41.20552,16.86,0.08,16.63,0.06,15.83,0.15,13.19,99.99,9.75,99.99,19.0666,0.0077,18.6969,0.0101,18.7016,0.0166,18.7535,0.0377,18.7684,0.0374,17.9754,0.0826208,18.791513,18.54404,17.727047,WR
564291,9.7384,40.52573,16.64,0.1,16.59,0.05,16.34,0.1,15.34,0.16,12.79,99.99,22.0592,0.0529,21.7548,0.0635,21.2054,0.0495,20.4967,0.0314,19.8646,0.0529,18.15826,0.089599356,-999.0,-999,-999,WRc
82077,11.05474,41.32226,15.7,0.03,16.24,0.07,13.62,0.06,12.0,0.06,9.13,0.02,18.7598,0.0289,18.7105,0.0197,18.7318,0.0141,18.8332,0.0209,18.8068,0.0279,-999.0,-999.0,-999.0,-999,-999,WR
142881,10.98862,41.81282,17.08,0.06,16.76,0.09,15.19,0.09,13.5,0.14,9.57,99.99,20.7396,0.0279,20.1606,0.0188,20.061,0.0202,20.0479,0.0566,19.7794,0.0411,19.836493,0.6741868,20.282078,19.897354,18.736458,WR
17342,10.75842,41.62982,15.73,0.06,15.22,0.11,13.72,0.12,12.11,0.13,6.27,0.05,--,--,16.149,--,20.0668,0.0343,16.419,--,16.468,--,16.19603,0.043716457,20.062561,--,--,WR
51610,10.45784,41.45343,16.03,0.04,15.91,0.05,16.22,0.15,15.5,0.19,13.15,99.99,18.2825,0.0061,17.8026,0.0099,17.5996,0.0108,17.4938,0.0107,17.4404,0.0066,16.682024,0.031133693,17.797543,18.032133,17.059124,YSG
470324,10.43644,40.4693,15.38,0.09,15.54,0.05,15.33,0.04,15.38,0.17,11.86,0.25,-999.0,-999.0,-999.0,-999.0,-999.0,-999.0,-999.0,-999.0,-999.0,-999.0,-999.0,-999.0,-999.0,-999,-999,YSG
477961,10.74977,41.03901,14.6,0.07,15.68,0.1,14.51,0.04,14.76,0.09,10.6,0.11,17.827,0.0039,17.0589,0.0093,16.7245,0.0097,16.3964,0.0177,16.3014,0.0111,-999.0,-999.0,17.068802,17.517542,16.158432,YSG
564685,10.26163,41.15021,16.63,0.1,16.59,0.11,16.49,0.15,16.25,99.99,12.29,99.99,18.5508,0.0089,18.2369,0.0055,18.1356,0.009,18.064,0.013,17.9895,0.0125,17.011017,0.08341571,18.280304,18.393476,17.448622,YSG
649678,10.12717,40.7567,16.95,0.08,17.24,0.14,16.2,99.99,16.36,99.99,12.45,99.99,-999.0,-999.0,-999.0,-999.0,-999.0,-999.0,-999.0,-999.0,-999.0,-999.0,-999.0,-999.0,-999.0,-999,-999,YSG
3086,11.10089,41.35453,14.08,0.06,14.01,0.04,13.13,0.08,11.34,0.09,7.67,0.01,16.9685,0.0059,16.3294,0.0053,16.1315,0.0016,15.9602,0.0029,15.8384,0.0093,-999.0,-999.0,16.447367,16.858198,15.666493,YSGc
4840,11.02613,42.02518,14.37,0.05,14.34,0.05,14.31,0.03,14.62,0.08,11.91,0.28,15.787,0.005,15.5666,0.0037,15.542,0.006,15.5219,0.0045,15.4826,0.0057,14.792981,0.006026769,15.58342,15.793935,15.147362,YSGc
6036,11.11553,41.36949,14.25,0.08,14.5,0.16,14.27,0.07,14.78,0.15,11.53,99.99,17.6781,0.0073,16.8715,0.0037,16.4804,0.0074,16.1637,0.0062,15.9847,0.0079,15.036373,0.006510062,16.86738,17.348394,15.944728,YSGc
38226,10.72973,41.58757,15.64,0.03,15.71,0.07,15.62,0.2,15.28,99.99,10.69,0.19,18.1445,0.005,17.5739,0.0036,17.3111,0.0037,17.0682,0.002,16.9252,0.0084,-999.0,-999.0,17.595617,17.934158,16.734224,YSGc
43969,10.65645,41.50695,15.99,0.04,15.8,0.06,16.24,0.15,15.92,99.99,12.33,99.99,17.3058,0.0123,17.2856,0.0113,17.3289,0.0168,17.2764,0.0354,17.3172,0.0133,16.405787,0.026765311,-999.0,-999,-999,YSGc
79778,10.59657,41.46753,16.04,0.05,16.22,0.06,14.61,0.11,13.17,0.1,9.8,0.07,18.6787,0.006,18.2712,0.0086,18.092,0.0238,17.9718,0.0151,17.9074,0.0113,17.051394,0.04129248,18.292799,18.390509,17.40135,YSGc
93166,10.80432,41.69556,15.18,0.06,16.35,0.24,15.39,0.06,16.43,99.99,12.52,99.99,17.2124,0.004,16.814,0.0036,16.6481,0.003,16.6135,0.0038,16.5705,0.0055,15.287845,0.008970515,16.844828,17.134527,16.227037,YSGc
137183,11.74424,41.83021,16.73,0.06,16.71,0.06,16.79,0.17,16.35,99.99,12.57,99.99,18.5166,0.0067,18.2233,0.0032,18.1225,0.0048,18.1028,0.01,18.0975,0.0105,16.81783,0.029946014,18.25579,18.501295,17.708511,YSGc
221693,10.76524,41.76187,17.22,0.1,17.33,0.06,16.83,0.23,16.54,99.99,11.06,0.12,18.2636,0.0085,18.208,0.0087,18.2693,0.0053,18.229,0.016,18.1564,0.0204,17.381369,0.06964775,18.193125,18.205757,17.672415,YSGc
536454,9.30023,39.9127,16.34,0.08,16.34,0.05,16.08,0.1,15.88,0.25,12.83,99.99,-999.0,-999.0,-999.0,-999.0,-999.0,-999.0,-999.0,-999.0,-999.0,-999.0,-999.0,-999.0,-999.0,-999,-999,YSGc
425,11.18551,41.4679,12.62,0.06,11.97,0.03,11.46,0.03,10.61,0.03,7.49,0.04,18.6311,0.0097,17.7088,0.0076,17.2737,0.0081,16.9418,0.0085,16.8321,0.0102,15.96304,0.015837569,17.701393,18.053446,16.618753,BeBRc
842,11.58761,42.21871,13.68,0.07,12.79,0.06,12.35,0.05,11.53,0.05,9.19,0.01,18.0733,0.0041,17.7777,0.0036,17.8579,0.0088,17.7904,0.0123,17.8493,0.0114,17.10093,0.028841296,17.86559,18.003431,17.325403,BeBRc
4677,11.1759,41.97299,14.87,0.07,14.32,0.07,13.72,0.03,12.9,0.03,10.87,0.08,19.8179,0.022,19.1965,0.0058,19.6127,0.0207,19.5588,0.0321,19.7479,0.0235,19.111057,0.25067475,19.444717,19.268988,18.44392,BeBRc
6317,11.04734,41.54921,14.87,0.04,14.53,0.08,13.65,0.11,12.24,0.09,8.45,0.04,18.3713,0.006,17.6146,0.0115,17.3919,0.0115,17.3717,0.0064,17.3561,0.0111,16.073103,0.025755119,17.725443,17.763412,16.64523,BeBRc
439599,10.62439,41.09779,12.46,0.07,11.86,0.05,11.36,0.04,10.59,0.02,7.41,0.01,18.3537,0.0238,17.8765,0.0261,17.7198,0.0307,17.6189,0.0825,17.5619,0.0448,-999.0,-999.0,18.619555,17.510565,16.554695,BeBRc
440407,10.59053,41.00377,13.68,0.08,13.15,0.11,12.57,0.03,11.8,0.03,9.31,0.04,19.8384,0.0251,18.558,0.0094,19.0263,0.0146,18.8016,0.0147,19.1032,0.0223,-999.0,-999.0,19.079672,18.675928,17.474998,BeBRc
440963,10.58468,40.85648,14.12,0.09,13.53,0.04,12.89,0.04,11.97,0.03,9.0,0.01,19.1543,0.0053,18.8632,0.0146,18.9725,0.0268,18.8085,0.0122,18.7961,0.0334,17.5792,0.14542572,19.01085,18.57655,17.761538,BeBRc
9369,10.84381,41.66146,15.09,0.08,14.81,0.04,14.68,0.08,13.88,0.06,10.64,0.08,20.2351,0.0209,19.8633,0.0209,19.3956,0.0327,19.0718,0.0482,19.0066,0.0578,17.01491,0.058304768,19.92806,19.389116,18.067383,LBVc
19681,11.28177,41.62802,14.82,0.07,15.3,0.08,14.84,0.08,14.95,99.99,11.79,99.99,16.1976,0.0051,16.1245,0.0182,16.0831,0.0033,16.17,0.0055,16.1789,0.0037,-999.0,-999.0,16.111,16.213781,15.707861,LBVc
20133,10.96031,41.7698,15.37,0.09,15.32,0.04,15.3,0.09,15.82,0.26,12.41,99.99,17.9789,0.0201,17.448,0.0154,17.2345,0.0097,17.1043,0.007,17.0197,0.0122,16.113285,0.01724327,17.512259,17.752125,16.694784,LBVc
42113,11.1049,41.58126,16.63,0.09,15.77,0.05,15.14,0.06,14.86,0.13,12.04,99.99,17.5439,0.0113,17.4123,0.0158,17.4354,0.0125,17.4897,0.012,17.5672,0.0179,16.309082,0.036267843,17.299389,17.218088,16.681957,LBVc
440161,10.17959,41.14593,13.49,0.06,12.9,0.06,12.25,0.04,11.64,0.04,9.04,0.04,18.5669,0.0065,17.5493,0.0037,18.1334,0.0063,18.1746,0.014,18.3461,0.0275,17.325323,0.037317738,18.010338,18.07661,17.171766,LBVc
471805,10.21507,40.55098,15.4,0.07,15.57,0.17,14.95,0.07,14.05,0.12,11.91,99.99,16.9416,0.01,16.8311,0.0052,16.8599,0.0072,16.9113,0.0109,16.8825,0.0163,16.01957,0.01715517,16.950148,17.024328,16.502213,LBVc
508894,10.28808,40.81483,16.03,0.06,16.07,0.06,15.19,0.09,14.02,0.08,7.91,0.02,-999.0,-999.0,-999.0,-999.0,-999.0,-999.0,-999.0,-999.0,-999.0,-999.0,17.412287,0.05547883,18.174309,18.061415,17.321058,LBVc
8809,23.07392,30.46981,15.84,0.03,15.84,0.05,15.69,0.11,16.36,-1.0,12.41,-1.0,18.8616,0.0071,18.0575,0.0035,17.7453,0.0045,17.605,0.0047,17.5185,0.0084,16.513811,0.016617341,18.124731,18.74763,17.376045,RSGc
20352,23.69184,30.45392,16.69,0.03,16.62,0.05,16.24,0.18,16.84,-1.0,11.74,-1.0,18.3444,0.0071,18.0176,0.0039,17.9019,0.0043,17.8565,0.0051,17.8263,0.0174,17.066704,0.031654388,18.052195,18.275902,17.53328,YSGc
570,23.49219,30.55782,13.66,0.04,13.68,0.03,13.12,0.04,11.73,0.03,9.6,0.03,20.138,--,18.649,--,17.196,0.0119,17.0351,0.0111,16.6352,0.0311,14.964981,0.007155731,18.226768,--,--,A
1633,23.31408,30.62297,13.84,0.05,14.45,0.07,13.56,0.04,12.31,0.02,10.97,0.27,17.3315,0.0032,17.2233,0.0111,17.0039,0.0522,16.849,0.0255,16.6263,0.0296,15.103806,0.007936216,-999.0,-999,-999,A
3362,23.37899,30.61453,14.71,0.04,14.96,0.04,14.31,0.08,12.58,0.07,10.94,0.18,18.4392,0.0165,18.2566,0.0196,17.8814,0.007,17.5849,0.0052,17.3417,0.0077,-999.0,-999.0,18.831038,17.86168,17.029463,A
7783,23.20002,30.41392,15.84,0.04,15.73,0.04,15.11,0.1,13.55,0.05,11.89,-1.0,18.1897,0.0066,17.6655,0.0062,17.5457,0.0044,17.4976,0.0096,17.4216,0.0138,16.727262,0.020190371,17.792181,18.153543,17.167946,F
9695,23.43266,30.53612,15.67,0.14,15.93,0.12,14.6,0.14,12.01,0.04,9.47,0.07,17.6161,0.0337,17.6439,0.02,17.7773,0.0241,17.9656,0.0426,17.8396,0.0256,16.442013,0.039787583,18.707123,--,--,A
13927,23.29854,30.38295,15.84,0.14,16.26,0.07,14.14,0.21,12.25,0.06,10.71,-1.0,17.7121,0.006,17.5813,0.0081,17.5795,0.0038,17.5489,0.0089,17.4582,0.0188,-999.0,-999.0,17.587831,17.666452,17.120192,F
50668,23.33568,30.52848,17.29,0.09,17.74,0.15,16.62,-1.0,15.41,-1.0,12.06,-1.0,18.3667,0.008,18.4048,0.0075,18.49,0.0132,18.5685,0.0184,18.5541,0.0121,17.657476,0.06468703,18.476185,18.189459,17.784353,A
2966,23.30333,30.50348,15.74,0.04,14.86,0.04,13.93,0.05,12.4,0.1,9.96,-1.0,17.8555,0.0126,17.7325,0.0263,18.0045,0.011,18.0304,0.0281,18.1885,0.0208,16.925589,0.026791811,17.097876,17.066938,16.715553,B
3318,23.49551,30.69426,14.87,0.08,14.95,0.06,13.44,0.17,11.62,0.1,8.57,0.04,17.281,0.0389,16.7515,0.005,16.6191,0.0153,16.5393,0.0169,16.5363,0.0227,15.601174,0.011335963,16.801176,16.926441,15.999327,F
9842,23.41885,30.69363,16.04,0.11,15.94,0.13,13.57,0.19,10.79,0.09,9.35,-1.0,17.8838,0.0318,18.1097,0.0126,18.3856,0.0078,18.4982,0.0296,18.3704,0.0292,17.37367,0.06114674,-999.0,-999,-999,O
1050,23.52752,30.69655,14.64,0.05,14.14,0.06,13.61,0.1,10.91,0.08,8.45,-1.0,16.0423,0.0165,15.9943,0.0076,16.1108,0.0017,16.137,0.0049,16.2044,0.0062,15.487275,0.010251855,16.054098,16.016823,15.611887,LBVc
6383,23.20087,30.664,15.81,0.04,15.55,0.05,15.29,0.06,13.89,0.07,12.69,-1.0,17.3265,0.0116,17.2251,0.0055,17.3296,0.0012,17.4798,0.0118,17.6354,0.0124,16.996752,0.033814933,17.24173,--,--,LBV
9308,23.14665,30.50484,16.35,0.02,15.89,0.03,15.38,0.09,13.88,0.08,10.65,0.21,17.8836,0.0038,17.9706,0.0084,18.0242,0.0116,18.0763,0.0144,18.1457,0.013,17.38643,0.038939614,17.90304,17.851099,17.61073,Oe
203,23.38821,30.56202,13.25,0.05,12.69,0.04,11.94,0.04,11.3,0.22,10.08,-1.0,19.0502,0.0317,18.1213,0.0065,19.4196,0.031,19.6034,0.0453,--,--,17.814701,0.1426024,18.909422,18.212574,17.560616,BeBR
79,23.45861,30.69067,12.36,0.04,11.85,0.03,11.1,0.04,10.1,0.05,8.02,0.01,16.7276,0.0138,16.5743,0.0099,16.7615,0.0073,16.7039,0.0127,16.9297,0.0217,16.752888,0.08063707,16.650469,16.450974,15.906388,BeBR
409,23.75113,30.69749,14.07,0.02,13.4,0.02,12.62,0.02,11.53,0.1,9.89,0.04,19.068,0.0125,18.5514,0.0089,19.4596,0.0126,19.3328,0.0207,19.3618,0.0601,18.218315,0.11184833,19.068668,18.81832,18.368858,BeBRc
670,23.35237,30.39118,14.45,0.03,13.8,0.02,13.21,0.02,12.49,0.19,10.69,0.09,19.4474,0.01,19.324,0.0156,19.9136,0.0191,19.9007,0.0196,19.9007,0.0734,-999.0,-999.0,19.44915,19.103184,18.741112,BeBRc
760,23.74764,30.61715,14.58,0.02,13.91,0.02,13.29,0.02,11.99,0.12,10.08,0.06,18.5344,0.0088,18.1002,0.0101,18.2587,0.0232,18.2783,0.0136,18.3698,0.0206,17.468735,0.049205113,18.286482,18.373032,17.74364,BeBRc
849,23.60865,30.57351,14.74,0.02,14.0,0.02,13.32,0.02,11.98,0.07,10.19,0.04,19.2094,0.034,18.8328,0.0171,18.8606,0.0139,18.7925,0.0317,18.9766,0.0313,18.11839,0.079488374,18.929928,18.834402,18.112486,BeBRc
41174,23.58589,30.66197,17.43,0.11,17.41,0.1,17.13,0.26,16.14,-1.0,12.26,-1.0,17.9876,0.0102,18.0308,0.0144,18.3099,0.028,18.3312,0.0185,18.3922,0.0466,17.99325,0.09369176,18.05708,17.91009,17.557678,YSG
111,23.37507,30.5294,12.17,0.15,12.15,0.13,10.71,0.14,8.8,0.06,4.8,0.01,18.2715,0.0133,17.6828,0.0583,17.2959,0.0518,16.9347,0.0804,16.3069,0.0133,13.7189245,0.0032249936,-999.0,-999,-999,On
4005,23.75416,30.73003,15.42,0.02,15.11,0.02,14.47,0.04,13.57,0.12,10.5,0.09,20.9917,0.0735,20.2542,0.0352,19.3526,0.0165,18.8981,0.0151,18.6695,0.0329,17.475885,0.052252788,20.348053,20.49439,18.690542,WR
48960,23.55153,30.54678,17.5,0.13,17.68,0.26,15.34,0.09,15.09,0.12,11.83,-1.0,19.777,0.0258,19.6449,0.025,19.5333,0.0269,19.4025,0.0301,19.2566,0.0609,18.391968,0.11369406,19.924337,19.143827,18.443228,WRc
50763,23.76624,30.72197,17.67,0.05,17.75,0.06,17.14,-1.0,16.58,-1.0,12.84,-1.0,21.0507,0.0304,20.1307,0.0176,19.7011,0.0207,19.5403,0.015,19.2668,0.0327,18.522495,0.107643746,20.236385,20.473614,19.060196,WR
612,23.39071,30.69238,13.84,0.22,13.74,0.17,10.06,0.3,8.19,0.13,3.96,0.11,16.7256,0.0304,16.5088,0.0154,16.5087,0.0347,16.4802,0.0332,16.3636,0.0224,14.496593,0.0076661184,17.143473,16.386955,15.797694,WR
40710,23.3889,30.56907,17.31,0.1,17.39,0.11,16.38,-1.0,15.59,-1.0,11.82,-1.0,-999.0,-999.0,-999.0,-999.0,-999.0,-999.0,-999.0,-999.0,-999.0,-999.0,17.37756,0.050941885,-999.0,-999,-999,Bc
76776,23.26044,30.19329,19.26,0.16,18.97,0.2,16.79,0.12,16.49,-1.0,10.44,0.09,18.7308,0.0577,19.1614,0.0487,19.5534,0.0661,19.9495,0.0869,19.6865,0.0358,18.3345,0.17056403,19.96504,18.495937,18.753937,WR
82,23.5641,30.4712,12.49,0.02,11.9,0.03,11.16,0.02,9.94,0.08,6.54,0.01,17.4918,0.003,17.1007,0.0038,16.7652,0.0185,16.6551,0.0038,16.5584,0.0184,15.731759,0.011808691,17.209934,17.577513,16.493753,F
97,23.46072,30.54171,12.33,0.02,12.08,0.02,11.46,0.02,10.77,0.12,8.37,0.05,18.3801,0.0342,16.9011,0.026,16.1809,0.0599,15.6475,0.0072,15.4488,0.0096,13.800064,0.0036167055,16.946608,17.70396,15.669664,RSG
138,23.13661,30.50694,13.24,0.02,12.32,0.01,11.55,0.01,10.15,0.09,7.67,0.02,18.8427,0.029,18.2373,0.0068,18.0445,0.0091,17.9007,0.0146,17.9681,0.0161,17.080599,0.027863579,18.265724,18.588575,17.60731,F
148,23.6683,30.76697,12.64,0.03,12.41,0.04,12.01,0.03,11.08,0.09,8.16,0.03,16.3774,0.0256,16.3656,0.0049,15.9854,0.0294,15.6958,0.0239,15.4912,0.0121,13.823425,0.0044564004,16.695072,16.169731,15.430971,B
154,23.29442,30.4541,12.96,0.03,12.44,0.03,11.88,0.14,10.55,0.07,7.44,0.01,18.857,0.0246,17.5085,0.0513,16.9348,0.0068,16.2271,0.0541,16.1241,0.0286,14.878947,0.0059866696,17.31261,18.31666,16.108755,RSG
157,23.60758,30.9219,13.19,0.03,12.48,0.03,11.72,0.02,10.65,0.09,7.98,0.01,20.5972,0.0253,19.6136,0.0164,18.9808,0.0312,18.6315,0.0531,18.6551,0.042,16.614079,0.032452244,19.675062,19.255478,18.099327,QSOc
173,23.49381,30.5722,12.46,0.04,12.56,0.05,11.95,0.06,10.84,0.02,9.47,-1.0,18.289,0.0212,16.8733,0.0332,16.0536,0.0087,15.604,0.021,15.4299,0.0131,13.648637,0.0034435457,16.79981,17.349707,15.5155,O
177,23.45759,30.54611,12.98,0.02,12.57,0.04,11.86,0.02,10.73,0.05,10.0,0.16,16.4157,0.0071,15.7172,0.0046,15.6006,0.0138,15.5165,0.004,15.4596,0.0085,14.53306,0.0049970397,15.863934,16.235115,15.190848,G
208,23.40248,30.59228,12.65,0.07,12.71,0.05,12.34,0.03,11.43,0.23,9.12,0.03,18.9317,0.01,17.6758,0.0121,16.6231,0.0095,15.7723,0.0139,15.5914,0.0327,14.384312,0.005035061,17.175024,17.987057,15.827589,RSG
249,23.32566,30.52611,12.92,0.04,12.88,0.04,12.4,0.03,11.34,0.04,9.2,0.05,17.7445,0.0298,16.2657,0.0276,15.6552,0.0105,15.3763,0.0033,15.2856,0.0032,14.087587,0.0039678346,16.391386,17.255524,15.412086,RSG
250,23.49988,30.56507,12.76,0.06,12.88,0.05,12.23,0.1,11.09,0.03,8.03,0.1,16.519,0.0143,16.5269,0.041,16.2733,0.0067,15.9043,0.0119,15.8216,0.0292,14.385022,0.0058708107,-999.0,-999,-999,Be
279,23.5772,30.6357,12.83,0.02,13.01,0.02,12.75,0.02,11.74,0.08,9.81,0.1,17.5077,0.0153,16.146,0.0115,15.6611,0.0154,15.3412,0.0053,15.1911,0.0169,13.936247,0.0037170027,16.217287,16.939617,15.178616,RSG
285,23.55096,30.88726,13.06,0.03,13.02,0.02,12.65,0.02,11.6,0.08,9.13,0.03,19.5683,0.0401,17.7612,0.0188,16.9103,0.0102,16.1023,0.0067,15.8775,0.0155,14.342452,0.0042122845,17.322853,18.463976,16.093437,RSG
299,23.14049,30.45514,13.1,0.01,13.07,0.01,12.65,0.01,12.19,0.18,10.51,-1.0,19.0946,0.0225,17.8032,0.0577,16.7749,0.0028,16.3308,0.014,16.0314,0.0143,14.634029,0.0048995684,17.637037,18.768564,16.432287,RSG
313,23.51133,30.81013,13.03,0.03,13.1,0.02,12.62,0.02,11.38,0.1,9.74,0.08,19.0379,0.0576,17.572,0.0069,16.5849,0.0274,16.0809,0.0125,15.8352,0.0078,14.376362,0.004647131,17.238771,18.312103,16.051935,Mc
326,23.41637,30.64065,12.75,0.11,13.15,0.09,12.87,0.09,12.17,0.07,9.75,-1.0,16.4023,0.0191,16.2974,0.0131,16.0131,0.0602,15.8511,0.051,15.8632,0.0411,15.09886,0.0150378505,17.083717,16.065615,15.375057,B
359,23.30943,30.498,13.32,0.02,13.25,0.02,12.89,0.02,11.9,0.07,9.69,0.13,15.97,--,18.5345,0.0792,17.2376,0.0311,16.6656,0.0428,16.4481,0.0108,14.711434,0.005423917,18.17868,18.807499,16.735157,RSG
366,23.72618,30.68607,13.49,0.01,13.26,0.02,12.86,0.02,11.92,0.09,9.51,0.04,18.9978,0.0653,17.6501,0.0816,16.5252,0.0178,16.3217,0.0381,16.1431,0.0263,14.759952,0.0058140093,17.366371,18.44179,16.254272,RSG
372,23.59692,30.94864,13.32,0.02,13.28,0.02,12.82,0.03,11.76,0.06,9.91,0.11,19.7745,0.0519,18.4368,0.0858,17.137,0.048,16.5851,0.0078,16.0687,0.0202,15.004198,0.006550995,17.681715,18.939316,16.40321,RSG
387,23.6525,30.75472,13.41,0.06,13.33,0.05,13.25,0.04,12.08,0.05,10.78,0.19,17.437,--,17.9862,0.027,17.2803,0.0319,16.8606,0.0353,16.5746,0.0025,14.940388,0.010107459,17.79674,18.120605,16.429464,RSG
391,23.46166,30.73418,13.15,0.04,13.35,0.03,12.3,0.08,10.92,0.16,8.19,0.1,20.5293,0.053,18.4464,0.0231,17.4197,0.0107,16.6419,0.0265,16.4249,0.0062,14.150593,0.004045152,17.875114,18.597523,16.400442,RSG
397,23.57022,30.86618,13.33,0.06,13.37,0.07,12.12,0.14,11.44,0.08,6.77,-1.0,20.871,--,18.3717,0.0417,17.4964,0.0187,16.9116,0.014,16.5877,0.0164,14.864181,0.006505527,18.254452,18.704737,16.773438,RSG
398,23.51538,30.70063,13.25,0.02,13.38,0.02,13.09,0.03,12.17,0.13,9.6,0.04,20.392,--,19.4396,0.034,17.6147,0.0158,17.0577,0.0183,16.6057,0.0261,14.519671,0.0057355207,18.58932,18.75074,16.798006,RSG
400,23.50361,30.57076,13.27,0.04,13.38,0.06,12.33,0.11,10.89,0.06,7.95,0.12,18.0148,0.0188,16.7451,0.0124,16.1691,0.0088,15.8129,0.0214,15.7271,0.0136,14.371667,0.004877735,16.796364,17.47794,15.693817,RSG
401,23.47449,30.44489,13.32,0.02,13.38,0.02,13.07,0.01,12.26,0.1,10.26,0.06,20.2451,0.0459,17.9689,0.0924,17.1855,0.0215,16.5028,0.038,16.2103,0.0099,14.627246,0.005138533,17.5286,18.60695,16.30987,RSG
430,23.32953,30.61176,13.35,0.02,13.44,0.04,13.13,0.03,12.21,0.13,10.34,0.08,19.7347,0.04,18.1577,0.0443,16.9941,0.0372,16.4949,0.0115,16.1466,0.0214,-999.0,-999.0,17.518993,18.578268,16.263744,M
437,23.4302,30.55518,13.41,0.06,13.45,0.06,11.93,0.14,10.79,0.04,8.59,-1.0,18.5241,0.0128,17.9876,0.0235,17.2512,0.0084,16.7577,0.0156,16.5153,0.0168,14.999968,0.006655371,17.680511,17.879683,16.437656,RSGc
448,23.34122,30.68666,13.55,0.02,13.47,0.02,13.04,0.02,12.16,0.09,10.78,0.12,20.1347,0.0388,18.6288,0.022,17.0672,0.0083,16.917,0.0157,16.6506,0.0248,15.207576,0.008650222,18.268927,18.794994,16.871367,RSG
449,23.33914,30.67926,13.36,0.02,13.47,0.02,13.14,0.02,12.37,0.11,9.93,0.03,19.9064,0.0343,18.4473,0.0129,17.087,0.0171,16.4996,0.0236,16.2497,0.0119,14.766826,0.006369252,18.06989,18.927769,16.687952,RSG
452,23.30128,30.50939,13.34,0.02,13.48,0.03,12.97,0.03,11.84,0.11,8.68,0.15,18.875,0.0223,17.5733,0.0254,16.6231,0.0189,16.1717,0.0055,15.9103,0.0614,14.361789,0.0044964515,17.350576,18.265503,16.121492,RSG
456,23.24222,30.60171,13.34,0.02,13.49,0.02,12.76,0.08,11.69,0.02,9.48,0.04,19.1671,0.0315,17.68,0.0116,16.7374,0.0083,16.2474,0.0144,16.0084,0.0141,14.636319,0.0049362187,17.289406,18.324234,16.131218,M
462,23.18973,30.58848,13.42,0.02,13.49,0.02,12.99,0.04,12.06,0.03,9.19,0.06,19.3899,0.017,17.8767,0.0401,16.8746,0.0104,16.3657,0.0137,16.1052,0.0077,14.6993475,0.0053741937,17.685265,18.897167,16.471874,RSG
511,23.47533,30.55265,13.9,0.18,13.59,0.15,11.27,0.11,9.37,0.03,5.78,0.01,17.3448,0.0084,17.2103,0.0377,17.7037,0.0213,17.7318,0.0438,17.4838,0.0143,16.68412,0.04077659,-999.0,-999,-999,O
517,23.73174,30.7303,13.68,0.02,13.6,0.04,13.25,0.03,12.23,0.13,9.61,0.04,19.7107,0.0302,18.1656,0.0114,17.4384,0.0374,16.7334,0.022,16.5943,0.0163,15.130089,0.0070329383,18.445356,19.832981,17.137836,RSG
544,23.4917,30.76107,13.91,0.03,13.64,0.02,12.84,0.09,11.18,0.06,9.49,0.08,16.4399,0.0389,16.2309,0.0466,16.2226,0.0267,15.9832,0.0344,16.1438,0.0165,15.595994,0.010828276,16.512424,16.603937,15.933349,YSG
555,23.56771,30.56484,13.72,0.05,13.66,0.07,12.68,0.16,11.05,0.07,8.45,0.11,19.5537,0.0456,17.8655,0.0328,17.092,0.0035,16.5443,0.0182,16.3736,0.0196,14.95519,0.008738686,17.870308,18.357925,16.571045,RSG
573,23.44734,30.77495,13.89,0.02,13.69,0.02,13.24,0.02,11.99,0.07,10.26,0.05,21.0865,0.0806,19.6495,0.0254,18.1977,0.0449,17.5083,0.023,17.1188,0.049,15.512146,0.009430552,18.562094,19.085302,17.044489,RSG
585,23.49177,30.55231,13.37,0.1,13.7,0.04,13.54,0.02,12.66,0.05,11.61,0.29,16.147,0.0441,16.1123,0.0466,16.0365,0.0704,15.8111,0.0374,15.7899,0.0235,14.511858,0.0055819415,-999.0,-999,-999,B
591,23.17588,30.35387,13.66,0.02,13.71,0.02,13.42,0.02,12.71,0.07,11.79,-1.0,18.3642,0.038,17.1814,0.0093,17.055,0.0247,16.4903,0.002,16.3343,0.0096,15.005526,0.0063752164,17.583017,18.140379,16.51936,RSGc
598,23.54197,30.3221,13.75,0.03,13.72,0.02,13.63,0.03,13.59,0.02,12.23,0.27,-999.0,-999.0,-999.0,-999.0,-999.0,-999.0,-999.0,-999.0,-999.0,-999.0,-999.0,-999.0,-999.0,-999,-999,RSGc
608,23.3014,30.41474,13.56,0.02,13.73,0.02,13.42,0.03,12.8,0.09,11.42,0.08,18.903,0.0103,17.9639,0.0332,16.652,0.0057,16.2128,0.0099,16.0211,0.015,14.792151,0.005697239,17.595167,18.759665,16.391628,RSG
635,23.50762,30.6494,13.87,0.07,13.75,0.09,12.62,0.17,10.79,0.09,8.23,-1.0,17.2906,0.0211,16.2908,0.0144,15.8964,0.0077,15.7879,0.0047,15.6601,0.0053,14.415947,0.005175576,16.36087,16.783567,15.415653,RSG
673,23.14121,30.45856,13.78,0.13,13.8,0.11,13.12,0.09,11.16,0.03,8.17,0.03,19.0274,0.0161,17.7346,0.0126,16.9031,0.0055,16.7549,0.0318,16.5436,0.0216,15.362845,0.0090154335,17.56054,18.028376,16.446846,RSG
758,23.4908,30.62162,13.91,0.04,13.9,0.03,13.65,0.06,12.72,0.06,10.6,-1.0,19.9903,0.0597,18.4171,0.0323,17.6,0.0595,16.9005,0.0443,16.7833,0.0216,15.430097,0.011475127,18.560217,18.433054,16.681318,RSG
759,23.52991,30.69962,13.69,0.08,13.91,0.06,12.95,0.11,11.39,0.08,9.6,-1.0,20.0629,0.0422,18.4702,0.0335,17.4136,0.0072,16.8856,0.0228,16.5908,0.0096,-999.0,-999.0,18.254599,18.549862,16.699118,RSG
761,23.28769,30.50488,13.63,0.02,13.91,0.02,13.66,0.21,12.5,0.04,11.15,-1.0,18.9154,0.0178,17.2798,0.0106,16.6382,0.01,16.2955,0.008,16.0858,0.0081,14.779771,0.0055495566,17.292492,18.147076,16.182018,RSG
787,23.63254,30.45596,13.97,0.02,13.94,0.02,13.6,0.04,12.68,0.08,10.91,0.1,19.9854,0.067,18.3538,0.0241,17.0541,0.0387,16.7467,0.03,16.5633,0.0633,15.226641,0.007443512,17.847837,19.060398,16.730154,RSG
803,23.61505,30.94514,13.75,0.02,13.95,0.02,13.75,0.03,12.88,0.08,12.48,-1.0,18.821,0.0173,17.3618,0.0074,16.742,0.0102,16.3864,0.0154,16.1814,0.005,14.86351,0.0058053616,17.393154,18.399134,16.327639,RSG
807,23.43037,30.59277,13.88,0.02,13.95,0.02,13.46,0.05,11.87,0.04,11.02,-1.0,17.3995,0.0058,17.3808,0.0269,17.1107,0.0083,16.8295,0.0051,16.5932,0.0066,15.365303,0.009395169,17.521807,17.158928,16.51949,WR
893,23.7808,30.69238,13.94,0.02,14.03,0.02,13.78,0.02,13.06,0.07,11.02,0.16,19.5473,0.0093,18.0739,0.0213,17.0476,0.0143,16.6104,0.0099,16.3292,0.0097,15.072421,0.00720042,17.838947,19.109188,16.700026,RSG
913,23.48667,30.66706,13.85,0.06,14.04,0.04,12.72,0.15,11.57,0.08,8.91,0.22,--,--,18.1827,0.057,17.3542,0.0126,16.8515,0.0139,16.6297,0.0264,14.582658,0.0115260035,18.58037,17.70531,16.464924,RSG
924,23.74908,30.69916,13.93,0.02,14.05,0.03,13.8,0.04,12.53,0.04,10.64,0.12,19.3677,0.0404,18.0446,0.0096,17.7847,0.0189,17.2246,0.0074,16.6248,0.034,15.109166,0.00752223,18.006014,18.871744,16.777702,RSGc
934,23.53054,30.99305,14.05,0.02,14.06,0.03,13.53,0.05,13.07,0.08,11.83,0.23,19.8805,0.0145,18.4121,0.0195,17.4085,0.0167,16.8342,0.0109,16.6652,0.0227,15.238254,0.0069568288,17.885075,18.95968,16.763924,RSG
956,23.29604,30.46018,13.76,0.1,14.08,0.06,12.53,0.09,10.68,0.05,6.29,0.1,18.9249,0.0267,18.5552,0.0371,17.8948,0.0384,17.3946,0.0113,16.9827,0.0241,15.76964,0.011849202,18.67358,18.792921,17.216125,RSG
1002,23.41979,30.71349,13.95,0.07,14.11,0.06,13.95,0.04,13.48,0.16,10.34,0.23,19.8776,0.0362,18.4102,0.0343,17.4036,0.0141,16.9369,0.0098,16.6776,0.0069,14.73244,0.006082772,18.291666,18.472569,16.816242,RSG
1010,23.1351,30.58929,14.02,0.07,14.12,0.07,12.68,0.14,11.56,0.06,8.77,0.23,19.1262,0.0492,18.2516,0.0186,17.5602,0.0123,17.1696,0.0083,16.8769,0.0096,15.564071,0.008750574,18.313807,18.845297,17.087788,RSG
1012,23.45764,30.68334,13.82,0.1,14.12,0.12,13.43,0.12,12.06,0.07,10.32,-1.0,17.5219,0.0221,17.1335,0.0458,17.1298,0.0515,16.9069,0.0647,16.6012,0.0389,14.026659,0.0064705675,18.396107,--,--,YSG
1107,23.26148,30.48249,14.2,0.04,14.19,0.05,13.92,0.05,13.2,0.06,11.22,-1.0,19.3754,0.0427,17.9156,0.024,17.1272,0.0086,16.8107,0.0136,16.6045,0.0123,15.292473,0.007996624,17.779648,18.686796,16.679495,RSG
1217,23.40357,30.71611,14.37,0.1,14.25,0.08,13.16,0.16,13.07,0.09,8.21,0.06,18.3783,0.015,17.2803,0.0261,16.9581,0.0151,16.6698,0.01,16.5347,0.0207,15.512431,0.009741724,17.441189,17.793524,16.378817,RSG
1218,23.55894,30.88001,14.11,0.04,14.25,0.02,13.72,0.03,12.82,0.08,11.16,0.21,19.4832,0.0283,18.4926,0.026,17.444,0.006,16.8565,0.0109,16.7445,0.0078,15.337293,0.007728922,18.285616,18.922695,16.938663,RSG
1221,23.58961,30.92815,14.2,0.02,14.25,0.02,13.93,0.03,12.86,0.05,11.94,0.23,19.7195,0.0065,18.5552,0.0106,17.34,0.0127,16.9776,0.0112,16.7694,0.0174,15.39944,0.008016497,18.169922,18.921333,16.883518,RSG
1239,23.2713,30.52213,14.11,0.03,14.26,0.03,13.96,0.02,13.6,0.13,10.82,0.2,19.5177,0.0509,18.294,0.0281,17.3213,0.0132,16.8746,0.0127,16.7277,0.024,15.40155,0.007723224,18.118912,18.783712,16.897545,M
1270,23.56045,30.59934,13.92,0.07,14.29,0.02,13.57,0.07,12.21,0.06,10.47,-1.0,20.0307,0.0707,18.551,0.034,17.5975,0.0138,17.1129,0.022,16.8522,0.0105,14.975052,0.0067841075,18.348557,19.000055,16.995684,RSG
1275,23.45748,30.54015,14.18,0.02,14.29,0.02,14.34,0.11,13.39,0.15,9.73,0.05,19.2044,0.0138,18.0348,0.0348,17.3931,0.0315,16.9946,0.044,16.7755,0.0255,15.451559,0.00917561,17.968302,18.237442,16.607174,Mc
1276,23.50079,30.62974,14.3,0.05,14.29,0.04,14.8,0.14,14.43,0.1,11.53,-1.0,16.3437,0.0393,16.0112,0.012,16.0244,0.0232,16.0834,0.0281,15.9259,0.0105,14.874429,0.0075891195,-999.0,-999,-999,Fc
1316,23.4994,30.66365,14.62,0.11,14.31,0.15,14.94,0.12,14.24,0.22,10.23,-1.0,18.5383,0.0064,18.6468,0.0376,18.5772,0.0706,18.3055,0.0261,18.0654,0.1061,15.18855,0.017947648,19.091742,--,--,B
1318,23.41432,30.35356,14.14,0.04,14.31,0.05,13.7,0.06,13.09,0.1,10.39,-1.0,19.9951,0.0146,18.5235,0.0847,17.5306,0.0086,16.933,0.0212,16.7434,0.0204,14.971354,0.0072839204,18.179909,18.97098,16.94222,RSG
1383,23.67504,30.76117,14.12,0.02,14.34,0.02,14.04,0.03,13.15,0.07,12.68,-1.0,19.6311,0.0429,18.2972,0.0095,17.3964,0.0113,16.9001,0.0058,16.6938,0.0016,15.404264,0.00832598,18.00605,18.950544,16.83716,RSG
1384,23.51222,30.79956,14.76,0.02,14.34,0.02,13.65,0.06,12.45,0.03,10.54,-1.0,18.302,0.014,18.5699,0.0112,18.8939,0.0125,19.1097,0.0278,19.1581,0.0313,18.23063,0.1474389,18.52817,18.08593,17.909311,B
1390,23.26935,30.74889,14.11,0.02,14.34,0.02,14.06,0.02,13.51,0.09,10.93,0.1,19.2712,0.0164,17.9752,0.0122,17.1171,0.0206,16.8227,0.0071,16.6366,0.0129,15.247434,0.007431018,17.75109,18.624462,16.639057,RSG
1408,23.46438,30.52388,14.19,0.02,14.35,0.03,14.04,0.05,13.49,0.06,12.59,-1.0,17.0485,0.0028,16.4273,0.0075,16.1766,0.0109,16.091,0.0171,15.9739,0.0073,14.861392,0.0062277755,-999.0,-999,-999,YSGc
1412,23.18201,30.32011,14.13,0.02,14.35,0.02,14.07,0.04,13.65,0.09,12.1,-1.0,19.9617,0.0417,18.4964,0.0099,17.4554,0.0235,17.0103,0.0044,16.7179,0.0121,15.396606,0.008182845,18.350592,19.699287,17.126423,RSG
1414,23.61724,30.60477,14.12,0.08,14.35,0.07,14.38,0.04,14.11,0.11,12.26,0.23,16.5577,0.0327,16.5439,0.0245,16.7901,0.053,16.6896,0.0354,16.658,0.0214,-999.0,-999.0,-999.0,-999,-999,B
1419,23.21109,30.38083,14.3,0.01,14.35,0.02,13.98,0.02,13.47,0.1,11.8,0.12,19.9724,0.0265,18.6264,0.013,17.3917,0.0058,17.2234,0.0274,16.957,0.0195,15.556169,0.009147786,18.281237,19.341248,17.082685,RSG
1433,23.56387,30.47332,14.16,0.02,14.36,0.02,13.86,0.05,13.46,0.14,8.69,0.02,19.2683,0.0505,18.1019,0.013,17.1553,0.0053,16.8913,0.0107,16.6521,0.0057,15.397281,0.008640773,17.87512,18.718056,16.788116,RSG
1440,23.45514,30.88063,14.98,0.03,14.36,0.05,13.76,0.02,12.54,0.05,10.58,0.04,19.0522,0.0094,18.8838,0.0091,19.0341,0.006,19.1095,0.0187,19.2062,0.0714,18.331749,0.099628635,19.009972,18.747663,18.308073,LBVc
1452,23.5469,30.77541,14.38,0.08,14.36,0.08,13.09,0.14,11.8,0.03,9.68,-1.0,16.1708,0.0171,16.076,0.016,16.0422,0.005,15.9434,0.0124,15.9455,0.0076,14.911394,0.008239776,15.988868,16.055979,15.513463,YSG
1513,23.5104,30.68541,14.2,0.05,14.39,0.03,13.93,0.04,12.95,0.07,11.17,-1.0,19.6821,0.0739,18.5446,0.0402,17.4761,0.0088,16.9485,0.0186,16.6494,0.0079,15.335889,0.008264064,18.257097,18.396402,16.699234,RSG
1517,23.53192,30.77459,14.2,0.02,14.4,0.03,14.34,0.07,13.8,0.06,12.26,-1.0,19.6349,0.0578,18.4454,0.0096,17.4734,0.0137,17.0377,0.0102,16.6944,0.0171,-999.0,-999.0,18.350048,18.641523,16.880253,RSG
1540,23.32983,30.54907,14.32,0.04,14.41,0.03,14.14,0.06,13.5,0.11,10.7,-1.0,18.5136,0.0067,17.4085,0.0059,16.7674,0.0065,16.4779,0.0061,16.2799,0.0051,15.318216,0.008009618,17.500587,18.07304,16.316603,YSGc
1543,23.56965,30.75514,14.29,0.06,14.41,0.05,14.09,0.03,12.95,0.08,11.46,0.19,19.8307,0.0636,18.5778,0.0087,17.6324,0.008,17.1531,0.0238,16.9803,0.0149,15.532124,0.009836134,18.52552,19.081358,17.093536,RSG
1561,23.39289,30.84373,14.14,0.02,14.41,0.02,14.18,0.06,13.26,0.04,11.33,0.12,19.8835,0.0132,18.5024,0.0074,17.5015,0.0038,17.0146,0.0061,16.7612,0.0095,15.442616,0.009065962,18.128458,19.008883,16.930443,RSG
1643,23.41973,30.35239,13.68,0.03,14.45,0.03,13.52,0.05,13.46,0.21,12.16,-1.0,18.5108,0.0425,17.3219,0.0183,16.6848,0.0149,16.3308,0.0089,16.1567,0.0055,14.899018,0.0061536822,17.281286,17.929455,16.219929,RSG
1646,23.48052,30.57516,14.17,0.1,14.46,0.1,13.53,0.13,11.78,0.07,9.41,0.17,18.967,0.027,18.665,0.0249,17.6755,0.0284,17.517,0.0152,17.2293,0.0205,15.385947,0.012287482,-999.0,-999,-999,B
1678,23.30401,30.6515,14.32,0.03,14.47,0.03,14.44,0.08,13.55,0.11,10.69,0.07,19.7953,0.0818,18.4206,0.0272,17.5194,0.0179,17.1189,0.0067,16.9074,0.0141,15.580387,0.009769878,18.5188,19.166477,17.137426,RSG
1702,23.36197,31.01508,14.38,0.03,14.48,0.03,14.24,0.02,13.38,0.07,11.35,0.1,20.0665,0.0576,18.3242,0.0502,17.1513,0.02,16.5968,0.0134,16.3399,0.0188,15.003269,0.006108302,17.775652,19.17502,16.614891,RSG
1738,23.44447,30.85689,14.3,0.02,14.5,0.02,14.1,0.03,13.2,0.09,10.47,0.16,19.9199,0.019,18.4697,0.0136,17.5005,0.0105,17.0715,0.0041,16.8741,0.016,15.521778,0.008880584,18.227896,19.06102,16.992323,RSG
1753,23.58419,30.81349,14.45,0.06,14.51,0.07,13.4,0.11,12.06,0.14,9.74,0.26,20.6874,0.024,19.1982,0.015,18.2299,0.009,17.7578,0.0139,17.4771,0.0105,16.01888,0.016562192,18.920172,19.361084,17.49446,RSG
1770,23.2746,30.50403,14.26,0.04,14.51,0.04,13.61,0.09,12.39,0.05,11.56,-1.0,19.3939,0.0832,17.9158,0.019,17.3595,0.0069,17.0284,0.0071,16.8097,0.0163,15.504118,0.008574593,17.954748,18.652752,16.862783,RSG
1797,23.40421,30.61041,14.6,0.08,14.52,0.1,14.33,0.16,11.37,0.08,9.31,-1.0,16.7632,0.0183,16.5498,0.0439,16.2307,0.0052,16.1355,0.0044,16.061,0.0007,-999.0,-999.0,16.441996,16.575693,15.722375,YSG
1800,23.24089,30.59855,14.31,0.02,14.52,0.03,14.02,0.06,12.95,0.03,10.63,-1.0,19.6463,0.0175,18.3564,0.022,17.4527,0.0103,17.0657,0.0068,16.8118,0.0039,15.566839,0.008409732,18.092466,18.859755,16.932909,RSG
1803,23.50949,30.29692,14.75,0.03,14.52,0.08,14.43,0.04,13.78,0.03,11.12,0.09,19.958,0.0481,18.2549,0.0164,17.3878,0.0482,16.9395,0.0257,16.654,0.048,15.222065,0.0072062965,17.91486,19.00726,16.806734,RSG
1810,23.37008,31.0116,14.51,0.05,14.53,0.03,14.21,0.03,13.49,0.06,11.17,0.13,19.1354,0.0246,17.5886,0.0313,16.7532,0.0131,16.4354,0.0175,16.1992,0.0084,14.841291,0.0055774404,17.534485,18.79869,16.447718,RSG
1830,23.34493,30.31964,13.55,0.02,14.53,0.02,13.28,0.02,13.98,0.03,11.76,-1.0,19.299,0.0136,17.8662,0.0098,16.7713,0.0099,16.4218,0.0041,16.1425,0.0041,14.828424,0.005785506,17.352196,18.40415,16.256668,RSG
1896,23.26599,30.51143,14.34,0.02,14.56,0.02,14.24,0.03,12.98,0.05,11.2,-1.0,19.6841,0.0507,18.5355,0.021,17.6051,0.0141,17.1533,0.0059,16.9137,0.0203,15.609588,0.008555487,18.316952,19.121359,17.072065,RSG
1937,23.5353,30.65061,14.39,0.03,14.57,0.03,13.34,0.14,11.18,0.1,8.27,-1.0,16.3905,0.0143,16.5383,0.0097,16.5788,0.0031,16.4542,0.0119,16.4034,0.0105,-999.0,-999.0,-999.0,-999,-999,B
1940,23.25026,30.72503,14.4,0.06,14.57,0.04,14.43,0.03,13.54,0.05,12.31,-1.0,19.0552,0.0122,17.7025,0.0192,17.1581,0.0064,16.8776,0.0056,16.7379,0.0098,15.210857,0.007266123,17.824152,18.711811,16.819248,RSG
1971,23.5598,30.40954,14.46,0.03,14.58,0.02,14.38,0.03,13.61,0.1,12.63,-1.0,20.2992,0.043,18.8243,0.0157,17.7378,0.0071,17.2318,0.0096,16.9658,0.0123,15.644312,0.010380663,18.37319,19.433062,17.215858,RSG
1981,23.43804,30.60547,14.78,0.11,14.59,0.12,12.16,0.12,10.28,0.06,8.14,0.16,16.7457,0.0227,16.4875,0.0115,16.5514,0.0046,16.4356,0.0145,16.4426,0.0096,-999.0,-999.0,16.584782,16.648674,15.964445,G
1994,23.22363,30.53573,14.39,0.02,14.59,0.03,14.38,0.03,14.15,0.14,12.53,-1.0,19.9084,0.0352,18.4422,0.0088,17.564,0.0248,17.1315,0.0101,16.8992,0.0164,15.554901,0.008367088,18.270138,19.255306,17.080835,RSG
2001,23.39494,30.34138,14.06,0.02,14.59,0.03,13.85,0.04,13.83,0.12,12.38,-1.0,19.6271,0.0861,18.4952,0.0089,17.3474,0.0056,16.8004,0.0133,16.6123,0.0229,15.306806,0.00763097,18.014603,19.088913,16.809319,RSG
2045,23.26859,30.54302,14.44,0.02,14.61,0.02,14.28,0.03,13.35,0.05,11.9,0.25,20.0172,0.0196,18.5863,0.0102,17.6767,0.0093,17.2081,0.0084,16.9767,0.0175,15.623081,0.009644644,18.209618,18.867397,17.058807,RSG
2059,23.25308,30.57131,14.72,0.04,14.61,0.04,14.21,0.07,12.4,0.08,9.07,0.08,17.1586,0.0071,16.5512,0.011,16.3968,0.0061,16.2556,0.0091,16.1853,0.0098,15.296786,0.008490191,16.669329,16.972458,15.965521,G
2184,23.47885,30.76658,14.36,0.04,14.65,0.03,14.03,0.09,12.37,0.08,11.42,-1.0,20.6052,0.058,19.0056,0.0365,17.9827,0.0094,17.4502,0.0071,17.1168,0.0219,15.625674,0.012156043,18.631521,18.991158,17.109228,RSG
2186,23.4199,30.54339,14.41,0.05,14.65,0.04,15.02,0.15,12.92,0.08,10.57,0.11,20.0298,0.0583,18.974,0.0285,17.989,0.0196,17.5379,0.0105,17.2527,0.0099,16.094288,0.023072267,18.830326,18.634377,17.132566,RSG
2195,23.746,30.6986,14.37,0.02,14.65,0.02,14.42,0.04,13.71,0.11,11.73,-1.0,19.6406,0.0234,18.33,0.0132,17.5915,0.0081,17.1613,0.0098,16.9436,0.0119,15.639596,0.010879146,18.254566,18.986444,17.106632,RSG
2231,23.53807,30.7775,14.55,0.08,14.66,0.09,14.41,0.06,13.86,-1.0,10.4,-1.0,--,--,20.1516,0.1307,17.6715,0.0268,17.3553,0.0086,17.1652,0.0232,-999.0,-999.0,18.316923,18.175892,16.734528,RSG
2281,23.4339,30.5349,14.42,0.18,14.68,0.12,13.19,0.16,11.19,0.06,8.52,0.09,17.6861,0.0014,16.9268,0.03,16.7441,0.0169,16.5642,0.0118,16.5663,0.0095,15.39909,0.011216672,17.035112,17.275023,16.255575,YSG
2295,23.28886,30.45838,14.5,0.1,14.69,0.1,13.86,0.08,11.82,0.07,7.11,-1.0,17.652,--,18.994,0.0243,18.3026,0.0056,17.8508,0.0094,17.6189,0.0117,15.640694,0.011380946,19.023668,19.158642,17.630314,RSG
2375,23.2501,30.56145,14.54,0.02,14.71,0.02,14.26,0.05,13.21,0.07,10.35,-1.0,19.6949,0.0266,18.5339,0.0364,17.6696,0.0225,17.2819,0.0108,17.0745,0.009,15.708003,0.0098680975,18.37731,19.00585,17.141352,RSG
2384,23.66212,30.75881,14.45,0.03,14.71,0.03,14.34,0.06,13.64,0.1,11.18,-1.0,20.658,0.0314,19.106,0.0348,17.8854,0.0082,17.4744,0.0079,17.139,0.0106,15.74384,0.011568962,18.543924,19.313015,17.318426,RSG
2405,23.55087,30.63786,14.43,0.03,14.71,0.03,14.04,0.09,12.97,0.05,11.86,-1.0,21.2208,0.0674,19.4191,0.0161,18.2046,0.0124,17.5498,0.0052,17.3535,0.0178,15.907598,0.014836215,18.945066,19.03278,17.3298,RSG
2458,23.50249,30.63607,15.16,0.22,14.73,0.2,12.46,0.16,10.27,0.1,7.17,0.03,-999.0,-999.0,-999.0,-999.0,-999.0,-999.0,-999.0,-999.0,-999.0,-999.0,-999.0,-999.0,-999.0,-999,-999,WRc
2532,23.29086,30.39821,14.53,0.02,14.75,0.03,14.47,0.07,13.72,0.06,11.64,-1.0,20.0702,0.0237,18.6056,0.0139,17.6854,0.0054,17.238,0.0082,17.0261,0.0108,15.789041,0.013061459,18.32276,19.241144,17.14886,RSG
2549,23.45531,30.54056,14.54,0.05,14.76,0.04,14.83,0.11,14.43,0.21,11.08,-1.0,19.8405,0.0106,18.4695,0.0104,17.6616,0.0164,17.2885,0.019,17.0036,0.0229,15.173757,0.0082678385,18.415257,18.584347,16.945345,RSG
2593,23.56196,30.9299,14.55,0.03,14.77,0.03,14.49,0.04,13.69,0.08,12.25,-1.0,19.7607,0.0193,18.5119,0.03,17.6904,0.0106,17.2814,0.0046,17.1005,0.0126,15.755333,0.011993516,18.43267,19.212059,17.23793,RSG
2638,23.48015,30.87636,14.62,0.03,14.78,0.02,14.33,0.04,13.14,0.04,11.99,-1.0,20.2993,0.0324,18.7864,0.0212,17.742,0.016,17.3311,0.017,17.1076,0.0048,15.849536,0.011038195,18.575533,19.167248,17.296785,RSG
2646,23.35355,30.29836,14.07,0.02,14.79,0.03,13.77,0.03,13.77,0.03,10.79,0.1,20.2509,0.0171,18.8506,0.0213,17.6555,0.0142,17.11,0.0454,16.7703,0.005,15.35477,0.007905957,18.04164,19.083761,16.899998,RSG
2656,23.5654,30.56136,14.71,0.03,14.79,0.06,15.09,0.15,13.48,0.06,9.78,0.22,17.8707,0.0252,17.696,0.0548,17.4466,0.0164,17.269,0.0179,17.0526,0.0158,15.5603075,0.013644919,18.370066,17.451185,16.834993,Bc
2674,23.47616,30.29015,14.59,0.03,14.79,0.04,14.45,0.06,14.0,0.03,11.04,0.08,19.8356,0.0222,18.2258,0.0542,17.2945,0.0043,16.7837,0.0164,16.4619,0.0011,15.172201,0.00727101,18.20353,19.419523,16.968115,RSG
2753,23.53031,30.86446,14.6,0.04,14.81,0.04,13.87,0.12,12.49,0.11,10.94,-1.0,20.5756,0.0543,19.2172,0.0321,18.1107,0.0034,17.5753,0.011,17.3039,0.0343,15.991849,0.0135720195,18.851252,19.37438,17.465075,RSG
2878,23.4689,30.63776,15.04,0.08,14.84,0.13,14.16,0.07,13.5,0.09,10.43,-1.0,17.0213,0.0256,16.5511,0.0131,16.5141,0.014,16.3719,0.0271,16.3239,0.0057,16.42412,0.031075353,16.747324,16.84908,15.846454,YSG
2894,23.53881,30.75746,14.59,0.05,14.85,0.04,14.72,0.07,14.14,0.19,12.03,0.27,20.2953,0.0483,19.3684,0.0605,18.1057,0.0119,17.4747,0.0165,17.1872,0.0194,-999.0,-999.0,18.75128,19.110634,17.29579,RSG
3012,23.6546,30.69637,14.63,0.03,14.87,0.04,14.34,0.05,14.33,0.21,10.74,-1.0,20.0863,0.0228,18.8001,0.0094,17.9278,0.0142,17.5104,0.0144,17.2639,0.025,15.531053,0.010748188,18.623217,19.311325,17.402174,RSG
3024,23.34741,30.8246,14.67,0.02,14.88,0.03,14.34,0.07,14.26,0.15,9.94,0.09,19.9688,0.0175,18.5152,0.0132,17.7613,0.0068,17.331,0.0045,17.1259,0.0089,15.841064,0.011103549,18.362099,19.204475,17.243057,RSG
3039,23.52716,30.43004,14.62,0.03,14.88,0.03,14.59,0.04,13.66,0.09,12.26,0.23,19.5864,0.0167,18.2284,0.0141,17.5295,0.0069,17.2338,0.0064,17.0198,0.0043,15.776664,0.011642749,18.17937,18.924114,17.097841,RSG
3046,23.19312,30.71595,14.68,0.02,14.88,0.03,14.56,0.04,14.02,0.07,12.63,-1.0,19.8918,0.0209,18.4655,0.0134,17.6913,0.0078,17.3316,0.0143,17.1044,0.0026,15.853812,0.010340755,18.39642,19.440561,17.312757,RSG
3055,23.32072,30.52109,14.6,0.06,14.89,0.04,13.55,0.13,12.26,0.07,9.36,0.22,20.3671,0.0412,19.0056,0.0121,18.1001,0.0068,17.6785,0.0082,17.4094,0.0108,16.033234,0.01292239,18.815086,19.387901,17.532835,RSG
3056,23.50983,30.76213,14.57,0.03,14.89,0.03,14.61,0.07,12.68,0.08,10.93,0.13,20.24,0.0353,19.0266,0.0216,18.0204,0.0089,17.456,0.0171,17.1717,0.0176,15.436637,0.01062555,18.850378,18.883806,17.166859,RSG
3063,23.45436,30.87256,14.71,0.02,14.89,0.03,14.53,0.03,13.28,0.04,12.08,-1.0,20.0918,0.0317,18.7884,0.0088,17.8125,0.0232,17.3818,0.02,17.0582,0.0201,15.871161,0.0112329535,18.53169,19.26129,17.291103,RSG
3070,23.54542,30.57704,15.06,0.04,14.89,0.03,15.28,0.21,12.38,0.04,10.89,-1.0,15.9958,0.0255,16.1462,0.0514,16.3479,0.0126,16.4421,0.0337,16.2916,0.0614,15.8757515,0.012874063,15.997291,15.977296,15.686824,LBV
3094,23.78161,30.86409,14.74,0.02,14.89,0.02,14.58,0.03,14.02,0.28,13.0,-1.0,19.4736,0.0165,18.1391,0.012,17.5236,0.0035,17.2368,0.012,17.0553,0.0175,15.766056,0.010130107,18.09666,19.017748,17.116344,RSG
3107,23.54435,30.76352,14.66,0.11,14.9,0.1,14.53,0.08,13.4,0.07,11.93,0.27,16.4802,0.0309,16.687,0.0393,16.8522,0.0539,17.1426,0.0054,16.9527,0.0327,15.062484,0.016937489,17.706823,16.311737,16.044575,B
3169,23.44205,30.61494,15.03,0.05,14.91,0.05,14.15,0.15,11.6,0.15,7.25,0.02,16.1218,0.0111,15.9369,0.015,16.0196,0.0127,15.9494,0.0068,16.0313,0.0056,14.823466,0.006246932,16.044237,16.06485,15.556072,Ae
3191,23.23563,30.52947,14.59,0.07,14.92,0.04,14.49,0.06,12.81,0.09,10.67,-1.0,19.7159,0.0242,18.4958,0.0351,17.7439,0.0098,17.3842,0.0163,17.1855,0.0191,15.923647,0.012300287,18.482918,18.986305,17.322718,RSG
3198,23.7789,30.75409,14.72,0.03,14.92,0.03,14.79,0.05,14.07,0.1,12.61,-1.0,20.1708,0.0265,18.7431,0.0256,17.9049,0.0094,17.4782,0.009,17.245,0.0086,15.47512,0.011226836,18.670847,19.619888,17.491663,RSGc
3239,23.40472,30.50842,15.38,0.03,14.93,0.02,14.51,0.05,13.43,0.06,11.05,-1.0,18.5635,0.0112,18.6361,0.0118,18.7419,0.0114,18.7767,0.0192,18.8038,0.0609,17.895609,0.080175094,18.586794,18.382471,17.911894,A
3268,23.6356,30.927,14.78,0.02,14.94,0.03,14.63,0.04,14.12,0.09,12.88,-1.0,20.414,0.0405,19.0848,0.0352,17.9882,0.0275,17.5061,0.0219,17.2935,0.0085,16.03535,0.012783569,18.84659,19.73345,17.561363,RSG
3428,23.55916,30.54273,14.76,0.01,14.98,0.02,14.5,0.06,12.6,0.07,10.88,-1.0,20.2075,0.0141,18.8144,0.0165,17.9315,0.0084,17.5088,0.0117,17.3355,0.0122,16.04832,0.013618901,18.698545,19.160923,17.467787,RSG
3479,23.59312,30.80987,15.07,0.09,14.99,0.1,12.29,0.19,10.52,0.13,7.49,0.12,17.2199,0.0295,16.7845,0.01,16.7851,0.0368,16.5799,0.0167,16.5853,0.033,15.715323,0.012398754,17.217627,17.379915,16.656487,YSG
3504,23.57804,30.47938,15.09,0.04,14.99,0.05,14.62,0.07,13.76,0.1,10.15,0.05,19.7507,0.0335,18.4525,0.0055,17.8022,0.0156,17.4854,0.006,17.2242,0.0134,15.9557495,0.014780406,18.424715,19.04872,17.31728,RSG
3613,23.51659,30.80127,14.96,0.04,15.02,0.04,13.92,0.12,12.36,0.04,9.34,0.05,18.2942,0.0096,17.4001,0.0062,17.0347,0.0034,16.8648,0.0058,16.7205,0.016,15.775521,0.0108218845,17.489792,17.941904,16.568947,YSG
3620,23.22402,30.5903,14.86,0.02,15.02,0.02,14.89,0.13,13.64,0.04,11.93,-1.0,18.1135,0.0207,17.2702,0.0135,17.0155,0.0125,16.8968,0.0122,16.7708,0.0153,15.726653,0.009759436,17.682693,17.96211,16.59655,K
3622,23.1328,30.58788,15.13,0.08,15.02,0.09,14.13,0.16,12.52,0.1,8.93,0.19,17.5008,0.02,17.1431,0.0034,16.9947,0.0114,16.8878,0.0032,16.7801,0.0139,15.416054,0.0096498495,17.259476,17.428905,16.603634,YSG
3633,23.64131,30.82978,14.72,0.02,15.02,0.02,14.66,0.04,13.63,0.04,12.17,-1.0,19.8742,0.023,18.5346,0.01,17.7682,0.0064,17.4063,0.0082,17.1974,0.0209,-999.0,-999.0,18.364931,19.140951,17.228022,RSG
3701,23.55934,30.71502,14.77,0.03,15.04,0.05,14.74,0.07,12.75,0.08,11.2,-1.0,20.6772,0.0337,19.1773,0.0331,18.0781,0.0142,17.5791,0.0065,17.3639,0.034,16.004076,0.013120008,18.904638,19.194845,17.39881,RSG
3719,23.54369,30.88317,14.78,0.02,15.04,0.03,14.63,0.03,13.96,0.07,13.2,-1.0,20.0713,0.0044,18.5854,0.0244,17.7658,0.0074,17.362,0.0095,17.1523,0.0097,15.890195,0.011642541,18.506622,19.194466,17.208454,RSG
3736,23.47316,30.93644,14.85,0.03,15.05,0.02,14.87,0.09,13.86,0.06,12.25,-1.0,20.2679,0.0389,18.841,0.0206,18.0779,0.0098,17.63,0.0065,17.4248,0.0104,16.071436,0.013378989,18.822906,19.591951,17.615307,RSG
3785,23.37252,30.68578,14.77,0.05,15.06,0.03,14.78,0.04,14.73,0.19,12.56,-1.0,19.9611,0.0272,18.6437,0.0323,17.9785,0.0088,17.5198,0.0062,17.3061,0.0144,15.849817,0.014970247,18.57375,18.698181,17.131456,RSG
3892,23.3206,30.38549,14.85,0.05,15.09,0.05,14.81,0.05,13.37,0.06,10.6,0.11,18.3049,0.0095,18.1591,0.0176,17.837,0.0357,17.6304,0.03,17.4571,0.0223,-999.0,-999.0,18.744267,--,--,B
3900,23.54521,30.64472,15.13,0.07,15.09,0.08,13.87,0.11,12.0,0.07,11.28,-1.0,17.171,0.0068,16.8848,0.0034,16.8359,0.0077,16.6798,0.011,16.6687,0.0156,15.7969055,0.01725738,16.970716,17.047077,16.272785,G
3911,23.22963,30.3406,14.85,0.03,15.09,0.03,14.73,0.04,14.18,0.09,12.83,-1.0,19.9297,0.0183,18.5596,0.0096,17.8118,0.0067,17.4529,0.0068,17.2358,0.0128,15.9942665,0.013758632,18.419554,19.366774,17.354704,RSG
3996,23.45814,30.72054,14.65,0.09,15.11,0.05,14.63,0.08,13.24,0.12,11.08,0.26,20.2996,0.0335,18.8584,0.0131,18.0342,0.0238,17.7239,0.0406,17.4469,0.0197,15.83611,0.016811922,18.833586,18.504126,17.079794,RSGc
4003,23.46714,30.45184,16.05,0.03,15.11,0.02,13.91,0.04,12.22,0.06,9.33,0.04,19.7117,0.031,19.7233,0.0544,19.486,0.0384,19.3881,0.0226,19.253,0.0306,18.694138,0.16386797,19.606941,19.421097,18.590832,QSO
4066,23.72498,30.56452,15.08,0.02,15.13,0.02,15.1,0.07,14.12,0.1,13.13,-1.0,18.5912,0.0074,17.5717,0.0049,17.1902,0.0059,17.0109,0.0039,16.9126,0.0046,15.863808,0.011565076,17.643013,18.29667,16.802248,RSG
4084,23.15248,30.53321,14.86,0.03,15.13,0.03,15.03,0.05,14.27,0.09,13.27,-1.0,19.1224,0.0174,17.9373,0.0049,17.4317,0.0081,17.1985,0.0052,17.0414,0.0109,15.917339,0.011628665,17.981777,18.785997,17.037533,RSG
4136,23.36207,30.77516,14.96,0.03,15.14,0.04,14.95,0.04,13.87,0.06,12.09,-1.0,20.459,0.038,19.1463,0.0178,18.1381,0.0191,17.717,0.0061,17.4639,0.0094,16.118734,0.016122684,18.902994,19.483665,17.556305,RSG
4162,23.48933,30.63934,15.24,0.04,15.15,0.04,15.11,0.07,13.13,0.1,10.42,-1.0,17.3328,0.0399,16.8143,0.0167,16.7002,0.0095,16.6891,0.0127,16.6019,0.0139,15.767898,0.013229913,17.109621,17.215359,16.164955,YSG
4167,23.34406,30.48896,15.22,0.03,15.15,0.02,14.96,0.05,13.91,0.09,12.66,-1.0,17.7446,0.0103,17.0001,0.0108,16.7849,0.0045,16.7582,0.0085,16.6474,0.0135,15.8373375,0.012373196,17.094221,17.52278,16.390825,YSG
4277,23.55582,30.89689,14.98,0.05,15.17,0.06,14.32,0.11,12.94,0.07,11.75,-1.0,17.1885,0.0129,17.2237,0.0099,17.1631,0.018,17.1874,0.0076,17.1029,0.0109,15.897628,0.02003587,-999.0,-999,-999,B
4376,23.58401,30.57173,14.9,0.03,15.19,0.03,15.54,0.17,13.89,0.14,10.78,-1.0,18.8452,0.0231,17.6434,0.0071,17.2407,0.0144,17.0113,0.0042,16.9135,0.0134,15.767571,0.010595222,17.75703,18.239323,16.760733,RSG
4416,23.26007,30.45021,14.82,0.07,15.2,0.02,14.88,0.05,14.42,0.15,13.11,-1.0,20.0933,0.0168,18.7295,0.0084,17.9759,0.0091,17.6197,0.007,17.3936,0.0165,16.11933,0.01273236,18.609518,19.259295,17.451939,RSG
4460,23.1827,30.38884,15.0,0.02,15.21,0.03,14.95,0.04,14.56,0.13,13.24,-1.0,20.1157,0.0248,18.8568,0.0166,18.1187,0.009,17.7556,0.0097,17.5495,0.0072,-999.0,-999.0,18.759438,19.401793,17.578506,RSG
4474,23.31976,30.7703,15.05,0.03,15.21,0.04,14.94,0.05,13.65,0.07,11.43,-1.0,18.4676,0.0082,17.4448,0.0045,17.0901,0.0041,16.951,0.004,16.8284,0.0083,15.8066435,0.011238228,17.555965,18.141254,16.685757,RSG
4475,23.29653,30.46132,14.93,0.14,15.21,0.1,12.25,0.14,10.57,0.06,6.06,0.04,18.855,0.0277,18.6676,0.0493,19.0612,0.0154,18.8483,0.0964,18.8858,0.0662,18.72499,0.3621684,19.767557,18.37521,17.97081,On
4516,23.72475,30.67873,15.09,0.02,15.22,0.03,14.98,0.04,14.16,0.11,12.96,-1.0,20.0005,0.0335,18.7083,0.0221,18.0897,0.0366,17.7646,0.0192,17.5602,0.0121,16.293999,0.017699154,18.887215,19.592241,17.740118,RSGc
4610,23.12136,30.575,15.22,0.05,15.24,0.03,14.94,0.07,14.22,0.06,13.25,-1.0,16.5742,0.0112,16.3913,0.024,16.553,0.0092,16.4865,0.0186,16.5127,0.0073,15.862205,0.010920655,16.345284,16.45188,16.040245,Ae
4656,23.17815,30.41629,15.0,0.02,15.25,0.03,15.07,0.04,14.44,0.11,12.02,-1.0,19.4154,0.0116,18.3343,0.0083,17.8277,0.0082,17.5431,0.0121,17.3145,0.0158,16.135305,0.012654943,18.422062,18.959288,17.342794,RSG
4667,23.60307,30.55175,15.4,0.06,15.25,0.04,14.94,0.06,12.67,0.04,8.1,0.02,16.8658,0.0081,17.0257,0.0131,17.1527,0.0055,17.2496,0.0098,17.282,0.0207,16.604015,0.025476199,16.9993,16.997576,16.732294,LBVc
4785,23.21228,30.75805,15.07,0.02,15.28,0.03,15.01,0.04,14.41,0.09,11.77,-1.0,19.6387,0.016,18.39,0.0072,17.7903,0.0052,17.4881,0.0069,17.2866,0.0113,16.117393,0.012388254,18.384798,19.242735,17.410435,RSG
4801,23.5587,30.79495,15.0,0.05,15.28,0.05,15.0,0.07,13.49,0.12,11.04,0.15,19.8396,0.0245,18.696,0.0218,18.0252,0.0106,17.6538,0.0102,17.4592,0.0152,15.936775,0.016499566,18.680077,18.886265,17.314224,RSG
4931,23.49084,30.55706,15.08,0.12,15.31,0.11,15.11,0.12,14.21,0.12,11.15,0.12,17.2274,0.0106,17.2484,0.018,17.2928,0.0292,17.3729,0.0197,17.3139,0.0105,16.087025,0.020703413,17.767574,16.963665,16.68038,B
4962,23.14861,30.74409,15.13,0.02,15.31,0.02,14.97,0.03,14.29,0.07,12.08,-1.0,19.1362,0.0134,17.9609,0.0051,17.4726,0.0101,17.2616,0.0053,17.1491,0.0082,15.986681,0.011538494,17.983097,18.753506,17.091026,RSG
5003,23.50427,30.60949,15.19,0.14,15.32,0.13,12.07,0.15,10.5,0.06,8.21,0.14,17.8297,0.008,17.8178,0.0144,18.0565,0.0056,18.0308,0.0158,17.9833,0.0245,-999.0,-999.0,17.95305,17.509344,17.064264,An
5004,23.22031,30.61997,15.08,0.02,15.32,0.02,14.98,0.05,13.83,0.06,11.41,-1.0,19.9491,0.0271,18.6158,0.0104,17.9226,0.0074,17.6104,0.0082,17.4662,0.0245,15.887511,0.012235629,18.517542,19.256754,17.444147,RSG
5052,23.37973,30.85297,15.01,0.02,15.33,0.04,14.76,0.04,14.01,0.06,11.85,0.12,20.5844,0.0182,19.2705,0.0073,18.2891,0.0096,17.8559,0.0091,17.5812,0.014,16.189056,0.016991273,18.989954,19.788696,17.752003,RSG
5063,23.21649,30.60622,15.14,0.02,15.33,0.02,15.2,0.06,14.47,0.07,12.99,-1.0,19.9577,0.0344,18.6885,0.0107,18.0082,0.0149,17.7136,0.0072,17.5171,0.0136,-999.0,-999.0,18.690573,19.187113,17.541422,RSG
5071,23.49019,30.80672,15.38,0.05,15.33,0.03,15.37,0.14,12.38,0.08,10.22,0.2,17.1494,0.0148,16.8019,0.0196,16.5958,0.0045,16.53,0.0166,16.4935,0.0137,15.505405,0.009618615,16.789091,17.086903,16.16668,YSG
5073,23.26399,30.51415,15.3,0.11,15.33,0.04,14.82,0.07,12.49,0.05,10.32,0.17,17.5879,0.0216,17.1418,0.0271,17.0422,0.0051,17.0567,0.0116,16.9105,0.014,15.984832,0.014015293,17.243252,17.505856,16.602188,YSG
5090,23.66534,30.73513,15.66,0.13,15.34,0.09,13.62,0.11,11.87,0.03,8.93,0.03,17.3721,0.0105,17.2484,0.0092,17.1995,0.0077,17.1745,0.0077,17.1026,0.0099,15.842102,0.014038406,17.304268,17.303001,16.748678,YSG
5148,23.4616,30.36649,15.0,0.02,15.35,0.02,15.01,0.05,15.02,0.23,13.1,0.22,19.8282,0.0383,18.316,0.0179,17.7411,0.0059,17.4489,0.0094,17.2537,0.0149,16.031363,0.012755296,18.355299,19.149536,17.322344,RSG
5338,23.54606,30.66841,14.96,0.03,15.38,0.04,15.45,0.06,14.02,0.1,11.43,-1.0,20.6321,0.0631,19.2465,0.0366,18.2661,0.0068,17.818,0.0094,17.575,0.0091,16.209454,0.018170986,19.121845,18.710798,17.299208,RSG
5371,23.74473,30.69772,15.2,0.02,15.39,0.02,15.43,0.09,14.77,0.23,11.92,-1.0,19.5957,0.0285,18.5185,0.0037,17.9304,0.0068,17.6532,0.0065,17.4577,0.0087,16.30823,0.016597131,18.530499,19.13867,17.477482,RSG
5467,23.5772,30.74643,14.76,0.18,15.4,0.07,14.94,0.08,13.52,0.07,11.61,-1.0,20.3272,0.0475,18.8468,0.0085,18.4074,0.0081,18.1615,0.0177,17.9664,0.0159,16.074617,0.028938249,19.040678,18.831347,17.570501,RSG
5469,23.19331,30.59507,15.22,0.04,15.4,0.04,15.32,0.07,14.22,0.07,12.36,-1.0,20.2429,0.042,18.8913,0.0073,18.2413,0.0097,17.9321,0.0075,17.7208,0.0218,16.41277,0.019586094,18.87667,19.44668,17.724148,RSG
5517,23.42172,30.37697,15.35,0.04,15.41,0.04,15.23,0.08,13.95,0.06,10.25,0.13,16.1666,0.0061,16.3963,0.0039,16.5413,0.0068,16.7505,0.0107,16.8274,0.0197,16.058256,0.016499223,16.357052,16.15137,16.201551,LBVc
5530,23.55874,30.61008,15.11,0.11,15.41,0.1,16.06,0.2,15.31,0.19,12.51,-1.0,20.5582,0.0454,19.2615,0.0205,18.4704,0.0196,18.0972,0.0102,17.9224,0.025,-999.0,-999.0,19.233799,19.074968,17.664968,RSG
5616,23.16282,30.41047,15.33,0.02,15.43,0.02,15.22,0.06,14.11,0.08,13.04,-1.0,19.3216,0.0091,19.5324,0.0239,19.0511,0.0179,18.6255,0.0403,18.1718,0.0496,16.68009,0.020670012,-999.0,-999,-999,Bn
5650,23.46505,30.54047,15.41,0.04,15.44,0.05,15.65,0.29,13.93,-1.0,10.16,-1.0,16.8754,0.0108,16.5703,0.0153,16.6081,0.0194,16.5456,0.0038,16.5095,0.0165,15.798908,0.012944645,16.66735,16.785143,16.09871,YSG
5651,23.66651,30.64429,15.49,0.04,15.44,0.09,15.42,0.09,13.96,0.07,12.79,-1.0,17.079,0.0056,16.7692,0.0051,16.7064,0.0071,16.6338,0.0089,16.5778,0.0107,15.658272,0.020494426,16.78028,17.075655,16.25919,G
5660,23.32374,30.29917,14.51,0.02,15.44,0.03,14.4,0.02,15.3,0.07,12.09,0.08,19.5387,0.017,18.1951,0.0074,17.4638,0.0053,17.1342,0.0078,16.9538,0.0148,15.710459,0.0108603025,18.158031,19.121328,17.078262,RSG
5703,23.36667,30.3124,15.27,0.03,15.45,0.03,14.53,0.04,14.7,0.06,12.34,-1.0,17.6561,0.0031,17.6918,0.0067,17.7541,0.0056,17.7363,0.0088,17.7068,0.0102,16.975435,0.033284973,17.649086,17.735378,17.32933,YSG
5836,23.48333,30.58153,14.64,0.18,15.47,0.08,15.98,0.23,13.24,0.09,10.89,-1.0,18.9589,0.0166,17.8677,0.0089,17.4816,0.023,17.3299,0.0095,17.2024,0.0101,15.528033,0.010216197,18.065216,18.051199,16.79677,RSG
5938,23.51289,30.36016,14.67,0.03,15.48,0.03,14.48,0.03,15.08,0.08,12.99,-1.0,18.9047,0.0298,17.7352,0.0099,17.2171,0.0138,16.9924,0.0198,16.8297,0.0176,15.695426,0.010573497,17.862478,18.61472,16.873028,RSG
6018,23.51379,30.43655,15.16,0.02,15.5,0.02,15.16,0.04,14.21,0.1,12.43,-1.0,20.5068,0.0627,19.0564,0.0214,18.2293,0.0096,17.836,0.0114,17.6088,0.0151,16.339684,0.016726147,18.885159,19.737743,17.754145,RSG
6036,23.57711,30.61318,15.53,0.03,15.5,0.02,15.31,0.05,14.49,0.11,11.63,0.28,17.4539,0.0092,16.9794,0.0059,16.8675,0.0036,16.7895,0.0043,16.7295,0.0108,-999.0,-999.0,17.080217,17.319227,16.422356,G
6158,23.40523,30.66801,15.2,0.05,15.52,0.06,15.77,0.15,14.26,0.14,11.16,-1.0,19.4764,0.0158,18.2234,0.009,17.8032,0.0125,17.5822,0.0067,17.4923,0.0175,16.15735,0.01791163,18.329988,18.421743,16.985903,RSG
6187,23.36123,30.40209,15.14,0.06,15.52,0.03,15.02,0.08,14.66,0.17,11.84,-1.0,19.017,--,19.0042,0.0223,18.4066,0.0119,18.0455,0.0067,17.825,0.0157,16.503605,0.021876367,19.06599,19.499596,17.822906,RSG
6209,23.38887,30.54616,15.5,0.04,15.53,0.05,15.92,0.16,12.84,0.09,10.63,-1.0,18.2919,0.0032,17.3838,0.0032,17.1328,0.0048,16.9835,0.0093,16.8499,0.0136,15.99098,0.012169593,17.524734,17.964315,16.636148,YSG
6247,23.36398,30.50812,15.71,0.04,15.53,0.03,15.15,0.06,14.48,0.1,11.83,-1.0,17.8728,0.0209,17.364,0.0168,17.2283,0.016,17.2023,0.0044,17.2123,0.0161,16.260557,0.016972383,17.443932,17.59614,16.793207,YSG
6249,23.43663,30.38455,15.32,0.02,15.53,0.03,15.1,0.05,14.75,0.22,12.46,-1.0,20.0485,0.0341,18.7759,0.0222,18.0552,0.0075,17.7776,0.0113,17.5867,0.0119,-999.0,-999.0,18.69066,19.337526,17.601482,RSG
6266,23.29633,30.57268,15.59,0.04,15.54,0.04,15.18,0.08,12.74,0.04,10.35,0.08,16.4636,0.0057,16.4028,0.0104,16.4655,0.0185,16.4794,0.0069,16.4627,0.0062,15.851833,0.012330336,16.420874,16.471706,16.075779,F
6305,23.48159,30.58355,15.21,0.07,15.54,0.11,14.67,0.09,13.42,0.12,10.03,0.03,17.1439,0.0148,16.8359,0.0042,16.7993,0.0036,16.6615,0.0128,16.6787,0.0166,15.6056185,0.01251032,16.910269,16.998932,16.222668,YSG
6306,23.29753,30.4976,15.94,0.13,15.54,0.21,13.26,0.18,11.5,0.06,8.93,0.08,17.0827,0.021,17.1083,0.0129,17.3041,0.0137,17.389,0.0115,17.3743,0.013,16.890203,0.026279896,17.137486,17.02204,16.857107,Bn
6618,23.58711,30.51101,15.66,0.06,15.59,0.06,14.86,0.06,12.98,0.06,9.98,0.09,16.5531,0.0047,16.5153,0.0105,16.6405,0.0045,16.6599,0.0044,16.634,0.008,16.078619,0.015161467,16.552414,16.590504,16.25025,A
6619,23.15698,30.66822,15.98,0.03,15.59,0.04,15.56,0.06,14.76,0.14,12.21,-1.0,16.9639,0.0403,17.816,0.0676,18.0744,0.0684,17.4413,0.0445,17.5042,0.1376,18.065716,0.074381344,18.22214,17.83641,17.966587,WR
6716,23.44379,30.89199,15.34,0.08,15.6,0.09,15.45,0.06,15.6,0.27,12.31,-1.0,20.8582,0.041,19.4298,0.0185,18.6557,0.01,18.2656,0.0056,18.0297,0.0088,16.056154,0.0159059,19.295757,19.980064,17.97245,RSG
6861,23.49366,30.57016,15.46,0.05,15.62,0.07,14.2,0.15,12.47,0.07,9.69,-1.0,17.3496,0.0033,16.9222,0.023,16.8874,0.0094,16.8167,0.0085,16.7445,0.0081,16.024755,0.017639956,17.083115,17.147459,16.310959,YSG
6995,23.33352,30.42898,15.57,0.03,15.64,0.03,15.22,0.08,13.31,0.08,11.03,0.22,17.1216,0.0072,16.9882,0.0039,16.9657,0.0043,16.8998,0.0086,16.8249,0.0099,16.094269,0.015567716,16.994022,17.135319,16.526325,YSG
7003,23.62679,30.44139,15.41,0.02,15.64,0.03,15.21,0.05,14.74,0.09,12.78,-1.0,20.0912,0.0207,18.8769,0.0067,18.2524,0.0063,17.9465,0.009,17.7281,0.0088,16.553352,0.021151934,18.852345,19.71074,17.836391,RSG
7135,23.42273,30.29174,14.84,0.02,15.65,0.03,14.87,0.04,15.37,0.1,12.93,-1.0,20.3313,0.0251,18.9259,0.0368,17.8458,0.0067,17.5647,0.0134,17.1798,0.015,15.869781,0.011261207,18.562317,19.650713,17.42774,RSG
7185,23.31851,30.53663,15.65,0.04,15.66,0.03,16.0,0.14,15.13,-1.0,11.99,-1.0,16.8986,0.0212,16.8384,0.0078,16.8432,0.0171,16.8736,0.0034,16.8966,0.0141,16.0547,0.015507316,16.791222,16.844202,16.38326,A
7269,23.33549,30.38115,15.49,0.01,15.67,0.02,15.62,0.08,14.93,0.16,12.29,-1.0,20.4058,0.0227,19.0452,0.0227,18.3512,0.0085,18.0588,0.0066,17.8102,0.0338,16.581993,0.019513667,18.949034,19.756525,17.870094,RSG
7323,23.47437,30.73305,15.64,0.11,15.68,0.16,14.21,0.18,11.36,0.1,9.34,0.17,18.0309,0.0062,17.9085,0.0065,17.8684,0.0084,17.8675,0.0202,17.8083,0.025,17.061283,0.03647984,17.930843,17.735746,17.077957,A
7363,23.30245,30.67118,15.72,0.04,15.68,0.04,15.35,0.08,13.75,0.07,11.59,-1.0,16.4176,0.0055,16.41,0.0027,16.5651,0.0092,16.5675,0.007,16.6028,0.0046,15.989852,0.013713554,16.398748,16.439991,16.127647,A
7451,23.59563,30.62091,15.38,0.06,15.69,0.05,15.0,0.09,13.69,0.09,12.13,0.27,19.7824,0.0298,18.8431,0.01,18.2573,0.0152,17.9514,0.0087,17.7247,0.023,16.22373,0.025922261,18.930286,19.041971,17.606161,RSGc
7498,23.31765,30.29783,15.88,0.03,15.7,0.04,13.74,0.02,13.75,0.25,9.1,0.03,20.1507,0.0292,19.8624,0.0149,19.5353,0.0164,19.3997,0.0233,19.3357,0.122,18.478544,0.15611272,19.775446,19.73615,18.890545,QSO
7519,23.46432,30.88137,15.52,0.05,15.7,0.03,15.17,0.06,13.5,0.07,12.49,-1.0,16.8275,0.0033,16.6655,0.0037,16.6791,0.0041,16.6628,0.0082,16.6213,0.0151,15.951561,0.013597114,16.728018,16.868435,16.293882,YSG
7552,23.40665,30.85604,15.41,0.02,15.7,0.04,15.51,0.07,14.4,0.06,12.62,-1.0,20.4438,0.0209,19.1166,0.0113,18.4079,0.0085,18.0569,0.0051,17.8507,0.0175,16.508072,0.019906005,19.073978,19.417944,17.745817,RSG
7569,23.15596,30.30937,15.8,0.02,15.7,0.03,15.49,0.08,15.09,0.13,13.27,-1.0,18.2274,0.0532,17.5194,0.0135,17.3047,0.0076,17.0776,0.0299,16.9289,0.0655,16.089468,0.014945656,17.746933,18.305357,16.929943,RSG
7575,23.40238,30.3689,15.71,0.04,15.71,0.05,15.28,0.09,13.43,0.05,10.9,-1.0,16.8011,0.006,16.7653,0.0136,16.7995,0.0043,16.7199,0.0054,16.6718,0.0065,16.142845,0.013512721,16.772488,16.903717,16.40345,YSG
7589,23.52482,31.03551,15.56,0.02,15.71,0.03,15.35,0.05,14.22,0.06,12.79,-1.0,19.5023,0.042,18.4603,0.014,17.7966,0.0129,17.3765,0.0152,17.1591,0.0277,15.970201,0.011554584,18.37292,19.292995,17.29848,RSG
7600,23.17028,30.89349,14.75,0.02,15.71,0.04,14.76,0.04,14.94,0.13,--,-1.0,19.4193,0.008,18.1091,0.0087,17.5146,0.0031,17.2306,0.0056,17.0253,0.0157,15.794554,0.010800419,18.113062,19.077703,17.157995,RSG
7620,23.43271,30.54592,15.4,0.18,15.71,0.13,14.26,0.27,12.47,0.09,10.08,-1.0,18.713,0.1076,18.1393,0.0251,18.0132,0.0194,17.726,0.011,17.7,0.0195,16.266718,0.018706525,18.352339,18.21112,17.145187,RSG
7646,23.32371,30.69158,15.39,0.09,15.71,0.09,14.8,0.12,13.0,0.12,10.84,-1.0,20.4252,0.0266,19.1358,0.0112,18.5029,0.0109,18.2309,0.0071,18.0155,0.0123,16.814213,0.028004149,19.153307,19.402119,17.851784,RSG
7706,23.27388,30.62222,15.74,0.02,15.72,0.03,15.41,0.07,15.43,0.3,12.57,-1.0,18.8056,0.0133,17.8973,0.0328,17.6619,0.0047,17.4642,0.0239,17.2956,0.0125,16.510706,0.01750457,17.923853,18.384024,17.100775,YSG
7734,23.42841,30.64324,15.59,0.11,15.72,0.08,15.74,0.27,14.09,0.16,9.86,-1.0,17.1946,0.0154,16.9571,0.0072,16.8729,0.007,16.8249,0.0058,16.7588,0.0245,15.653303,0.014102223,17.02228,17.008707,16.25406,G
7795,23.45244,30.97793,15.08,0.02,15.73,0.03,15.08,0.05,14.75,0.1,12.31,-1.0,19.1114,0.0105,17.9165,0.0041,17.4397,0.0039,17.2509,0.0051,17.1075,0.011,15.977058,0.011430588,17.948769,18.68722,17.044909,RSG
7828,23.38301,30.69981,15.39,0.04,15.73,0.06,15.71,0.1,15.86,-1.0,11.22,-1.0,18.7439,0.0685,18.3388,0.0325,18.0008,0.0068,17.7633,0.0098,17.591,0.0269,16.440924,0.020485006,18.31244,18.282093,17.275854,YSG
7879,23.44993,30.29754,14.9,0.02,15.74,0.02,14.93,0.04,15.36,0.09,12.66,-1.0,19.6755,0.0264,18.4096,0.0166,17.7451,0.0079,17.3914,0.007,17.1622,0.008,15.921142,0.011578499,18.378433,19.258265,17.256071,RSG
7982,23.13955,30.42856,15.61,0.02,15.75,0.03,15.53,0.06,14.23,0.06,12.34,0.15,20.0589,0.025,18.8029,0.0071,18.2409,0.014,17.9859,0.0113,17.8046,0.0084,16.740551,0.02158638,18.825562,19.690857,17.836153,RSG
8002,23.64994,30.76982,15.79,0.03,15.75,0.03,14.84,0.12,12.3,0.08,10.17,-1.0,18.2085,0.0146,17.722,0.009,17.5703,0.0053,17.3714,0.0048,17.2408,0.0393,16.463203,0.020397045,17.794077,18.032846,17.077326,A
8068,23.2794,30.55969,15.47,0.02,15.76,0.03,15.36,0.08,14.83,0.12,12.56,-1.0,20.8355,0.3596,19.2578,0.0132,18.4607,0.0068,18.1271,0.0121,17.9523,0.0379,-999.0,-999.0,19.13597,19.534233,17.924797,RSG
8145,23.56339,30.61654,15.9,0.13,15.77,0.14,13.67,0.21,11.8,0.07,7.55,0.03,17.9981,0.0197,17.8743,0.024,18.0164,0.0363,17.9785,0.0085,17.9378,0.0153,17.273453,0.052360605,18.09146,17.659977,17.240004,B
8246,23.45125,30.71164,15.67,0.07,15.78,0.08,15.42,0.11,15.65,0.11,12.12,-1.0,16.81,0.0117,16.7034,0.0127,16.7357,0.0034,16.738,0.0035,16.7292,0.0076,16.032465,0.0148746455,16.745522,16.75929,16.175457,YSG
8305,23.61672,30.66936,15.58,0.03,15.79,0.03,15.7,0.08,15.28,0.27,13.02,-1.0,18.2437,0.0086,18.0129,0.007,17.8991,0.0103,17.6956,0.0121,17.5847,0.0212,16.544678,0.022548476,18.021181,18.1221,17.350647,YSG
8509,23.36349,30.65277,16.07,0.11,15.81,0.13,14.52,0.13,12.65,0.08,9.98,0.16,17.7386,0.0135,17.8077,0.0184,18.0863,0.0126,18.2502,0.0311,18.3169,0.0297,-999.0,-999.0,18.015036,17.639103,17.439772,WR
8601,23.56441,31.09108,15.6,0.04,15.82,0.04,15.61,0.06,14.92,0.14,12.55,-1.0,19.7679,0.0095,18.4243,0.0065,17.7713,0.0073,17.4515,0.0071,17.2629,0.0125,15.466909,0.010303854,18.439863,19.263329,17.360962,RSG
8826,23.49838,30.45729,15.57,0.03,15.84,0.03,15.83,0.09,14.58,0.1,12.16,0.14,20.3398,0.0347,19.1664,0.0159,18.5802,0.014,18.276,0.0078,18.0526,0.0247,16.798952,0.026543574,19.233679,19.527662,18.0007,RSG
8860,23.45424,30.71348,15.62,0.05,15.85,0.05,16.19,0.18,15.19,-1.0,13.22,-1.0,20.4561,0.0271,19.2875,0.0203,18.7732,0.0161,18.3911,0.0211,18.1846,0.0244,16.466185,0.03417441,19.469887,--,--,RSG
8872,23.44204,30.58,15.73,0.04,15.85,0.04,15.88,0.14,15.22,0.18,12.2,-1.0,17.0573,0.0041,17.0494,0.013,17.1703,0.0037,17.1435,0.0093,17.1382,0.011,15.622955,0.015281949,17.096006,16.965635,16.514591,YSG
8920,23.71934,30.8858,15.6,0.03,15.85,0.03,15.61,0.07,16.21,-1.0,11.57,-1.0,20.1097,0.0148,18.9039,0.0117,18.3037,0.0054,18.0291,0.0082,17.8106,0.0193,16.726852,0.022109086,18.894129,19.535418,17.866705,RSG
8940,23.43842,30.3823,15.66,0.04,15.86,0.04,15.53,0.09,14.6,0.11,12.23,-1.0,20.4725,0.0322,19.249,0.0118,18.5893,0.0074,18.2681,0.0118,18.0759,0.0281,16.845749,0.025376165,19.266212,19.522747,18.030802,RSG
8943,23.45186,30.75295,15.84,0.14,15.86,0.09,15.41,0.17,13.23,0.09,9.82,-1.0,17.0236,0.0122,16.889,0.0073,16.9006,0.0043,16.8445,0.0066,16.8159,0.0087,15.775948,0.0134581365,16.930737,16.94831,16.365835,F
8944,23.50576,30.68225,15.27,0.05,15.86,0.12,15.28,0.13,11.85,0.08,9.58,0.24,20.3527,0.035,19.1651,0.0175,18.2863,0.0055,17.8877,0.0158,17.643,0.0172,16.296484,0.017460264,19.097977,18.53206,17.171,RSG
9007,23.28693,30.78771,15.65,0.02,15.86,0.03,15.72,0.11,14.71,0.12,12.94,-1.0,20.0904,0.0402,18.9475,0.0069,18.3704,0.0092,18.1196,0.0083,17.9072,0.0147,-999.0,-999.0,18.969648,19.715136,17.884966,RSG
9119,23.29628,30.6549,15.7,0.1,15.87,0.1,14.72,0.13,13.64,0.11,8.03,0.02,20.4919,0.0155,19.5802,0.0193,19.2302,0.0215,18.9179,0.0221,18.7195,0.0086,18.45871,0.18905711,-999.0,-999,-999,WR
9122,23.29746,30.81577,15.89,0.07,15.87,0.07,15.74,0.09,14.12,0.07,11.96,-1.0,16.4991,0.0077,16.5421,0.002,16.6692,0.0036,16.7678,0.0088,16.7759,0.0111,16.284552,0.017027872,16.543827,16.444853,16.276695,WR
9159,23.42536,30.85358,15.55,0.04,15.88,0.04,15.46,0.07,14.0,0.07,12.43,-1.0,20.5918,0.0335,19.224,0.0055,18.5365,0.0054,18.2231,0.0126,17.9862,0.017,16.76042,0.022202766,19.174927,19.547598,17.912268,RSG
9206,23.68739,30.82447,16.49,0.04,15.88,0.04,14.55,0.03,13.12,0.07,10.26,0.04,20.1626,0.0415,20.0165,0.0219,19.7384,0.029,19.6434,0.0343,19.4463,0.069,18.617653,0.17225623,20.10204,19.553747,19.079512,QSO
9211,23.65219,30.9291,15.62,0.03,15.88,0.03,15.8,0.12,15.02,0.16,12.49,-1.0,20.6966,0.0379,19.2607,0.0096,18.5405,0.0046,18.1917,0.0073,17.9728,0.0242,16.764608,0.02248508,19.168673,19.810268,17.986565,RSG
9255,23.36503,30.63086,15.84,0.04,15.89,0.04,15.11,0.1,12.7,0.07,11.34,-1.0,16.5499,0.0086,16.5403,0.0095,16.6699,0.0111,16.6467,0.0085,16.6947,0.0176,16.097763,0.014742469,16.513746,16.534657,16.16821,YSG
9410,23.63268,30.68834,15.9,0.03,15.9,0.03,15.44,0.15,13.38,0.1,10.75,-1.0,16.7969,0.0025,16.7708,0.0077,16.847,0.0039,16.795,0.0091,16.7532,0.0077,16.211796,0.016129714,16.76368,16.828749,16.40966,A
9855,23.43605,30.60869,16.04,0.09,15.95,0.1,14.77,0.12,12.22,0.06,9.66,-1.0,16.8809,0.0089,16.9163,0.0109,17.119,0.0106,17.1574,0.0172,17.1776,0.0204,-999.0,-999.0,16.940449,16.704647,16.44429,A
9946,23.46111,30.71531,16.35,0.07,15.95,0.13,15.99,0.16,14.57,0.18,11.32,-1.0,17.1568,0.0068,17.2018,0.0049,17.3349,0.0046,17.3683,0.0084,17.407,0.0156,16.614658,0.030928427,17.19089,17.046694,16.638071,A
10024,23.75845,30.67619,15.83,0.02,15.96,0.03,15.64,0.06,16.13,-1.0,12.35,-1.0,19.0181,0.0126,18.1569,0.007,17.7691,0.0074,17.6624,0.0075,17.5553,0.0106,16.558853,0.023784446,18.254465,18.787228,17.39023,RSG
10159,23.2319,30.59301,15.95,0.08,15.97,0.06,13.61,0.07,11.7,0.05,7.64,0.03,17.479,0.0235,17.5558,0.0116,17.7394,0.0103,17.9245,0.0112,17.9395,0.0382,17.465628,0.04824175,17.660076,17.382477,17.315641,B
10299,23.55379,30.43578,15.84,0.03,15.99,0.04,15.65,0.08,13.89,0.06,12.01,-1.0,20.5566,0.0722,19.2836,0.0116,18.7162,0.0054,18.4372,0.0115,18.2291,0.0183,17.058302,0.032115076,19.317514,19.774027,18.233269,RSG
10338,23.5811,30.92573,15.85,0.04,15.99,0.04,16.14,0.09,15.4,0.19,12.97,-1.0,16.9794,0.0059,16.9107,0.0047,16.9635,0.0028,16.9267,0.0033,16.9251,0.0096,16.264261,0.016540676,16.901735,16.997747,16.532,YSG
10355,23.65525,30.63827,15.94,0.07,15.99,0.06,14.66,0.2,12.27,0.09,11.5,0.28,17.5579,0.008,17.3761,0.0079,17.3921,0.0041,17.3592,0.0073,17.3085,0.0119,16.609549,0.02661807,17.41756,17.54518,16.996601,B
10360,23.45329,30.3203,15.04,0.03,15.99,0.04,14.82,0.04,15.16,0.08,12.25,0.28,19.9016,0.0158,18.4816,0.0143,17.791,0.0077,17.4569,0.004,17.2529,0.0062,16.033102,0.012988618,18.42038,19.381323,17.400633,RSG
10470,23.31572,30.94565,15.6,0.17,16.0,0.19,14.5,0.17,13.47,0.1,7.58,0.12,16.5205,0.011,16.8177,0.0106,17.0961,0.0118,17.3365,0.0091,17.3239,0.0166,16.355574,0.02708817,16.902567,16.40108,16.586033,WR
10523,23.39512,31.04748,15.96,0.06,16.0,0.08,15.58,0.08,13.98,0.06,9.95,0.04,19.9426,0.0141,18.7142,0.0074,18.2025,0.0094,17.898,0.0069,17.7579,0.0076,-999.0,-999.0,18.806175,19.53393,17.724693,RSG
10603,23.45778,30.55035,15.45,0.06,16.01,0.04,15.49,0.21,12.43,0.08,9.76,0.15,19.4099,0.019,18.4036,0.0068,18.0135,0.0294,17.8944,0.0085,17.7851,0.0206,16.556662,0.028034573,18.628746,18.372713,17.2144,Kc
10701,23.26601,30.47833,15.81,0.03,16.02,0.03,15.19,0.11,14.69,-1.0,11.03,-1.0,20.6695,0.0626,19.4077,0.0141,18.7518,0.0092,18.4146,0.0044,18.1865,0.0227,17.06782,0.032685563,19.364767,19.56482,18.042599,RSG
10764,23.31554,30.63932,16.05,0.03,16.02,0.03,15.96,0.13,15.03,0.16,11.98,-1.0,17.8219,0.0015,17.4033,0.0138,17.3092,0.0016,17.2902,0.0058,17.2482,0.0093,16.565634,0.020825097,17.483253,17.691484,16.866587,YSG
10792,23.16535,30.39524,15.85,0.02,16.03,0.03,15.73,0.06,15.01,0.18,12.64,-1.0,20.2347,0.016,18.9858,0.0087,18.4316,0.0056,18.1714,0.0048,17.9706,0.0142,-999.0,-999.0,18.98375,19.84227,17.979805,RSG
10864,23.34188,30.28087,16.27,0.03,16.03,0.02,14.34,0.04,13.56,0.03,9.41,0.04,19.4267,0.0226,19.2371,0.0123,19.2228,0.0149,19.1395,0.0256,18.9776,0.0488,18.020996,0.08293389,19.382097,19.623222,18.734655,QSO
10928,23.45461,30.61516,15.87,0.06,16.04,0.06,16.29,0.24,12.81,0.05,10.99,-1.0,17.9983,0.0043,17.7679,0.0085,17.8248,0.0111,17.7509,0.0259,17.7192,0.0203,16.550312,0.032667786,17.918997,17.628965,16.89104,YSG
10988,23.37197,30.68473,15.95,0.07,16.04,0.06,15.99,0.1,13.52,0.09,13.21,-1.0,20.4401,0.0479,19.289,0.0134,18.7116,0.0165,18.4179,0.0118,18.2211,0.0173,16.956333,0.03810989,19.413326,18.96047,17.72146,RSG
11031,23.58118,30.77604,16.01,0.05,16.05,0.03,16.39,0.19,14.54,0.12,11.88,-1.0,16.919,0.0038,16.8671,0.0055,16.9577,0.0037,16.8983,0.0067,16.8892,0.0111,16.336895,0.019741893,16.86515,16.918213,16.441328,YSG
11061,23.58834,30.63292,16.1,0.07,16.05,0.07,13.7,0.17,12.43,0.13,10.44,-1.0,20.8279,0.0215,20.8474,0.037,20.8856,0.0181,20.4021,0.0187,20.2051,0.1369,-999.0,-999.0,-999.0,-999,-999,WRn
11070,23.17259,30.45469,15.96,0.03,16.05,0.03,16.0,0.08,14.92,0.13,12.33,-1.0,18.7306,0.0088,18.0271,0.007,17.7353,0.0066,17.6212,0.0087,17.5247,0.0152,16.602884,0.017247943,18.097567,18.58513,17.338634,YSGc
11086,23.25808,30.31626,15.96,0.02,16.05,0.03,15.72,0.06,15.26,0.15,11.98,0.1,20.5694,0.0379,19.256,0.0091,18.6996,0.0057,18.4085,0.0075,18.2532,0.0126,17.042953,0.02974568,19.243517,20.033834,18.267288,RSG
11138,23.49922,30.38342,16.06,0.03,16.05,0.02,15.9,0.07,14.32,0.12,11.26,-1.0,16.3452,0.0165,16.5399,0.006,16.6162,0.0053,16.7815,0.0038,16.863,0.0131,-999.0,-999.0,16.46686,16.36662,16.318586,Be
11355,23.4286,30.37359,15.88,0.02,16.07,0.03,15.99,0.11,14.76,0.06,10.95,0.11,20.3683,0.0421,19.1533,0.0067,18.5559,0.0076,18.3433,0.0114,18.1452,0.0238,16.888329,0.026513482,19.176159,19.525778,17.993368,RSG
11490,23.45535,30.8646,16.08,0.04,16.08,0.03,16.64,0.18,15.99,-1.0,12.33,-1.0,16.2002,0.008,16.3187,0.0084,16.4986,0.0032,16.6321,0.0038,16.725,0.0082,16.168694,0.015509347,16.232746,16.140371,16.110622,B
11602,23.31985,30.88797,15.84,0.05,16.09,0.05,16.22,0.18,16.33,-1.0,8.71,-1.0,20.2024,0.0202,19.0329,0.015,18.4195,0.0057,18.1477,0.0082,17.9694,0.0222,16.761057,0.023681851,18.990149,19.500942,17.923548,RSG
11665,23.25078,30.38987,16.15,0.02,16.1,0.04,16.16,0.13,14.88,0.17,13.1,0.17,16.509,0.0114,16.5948,0.0037,16.6777,0.0073,16.7639,0.0048,16.8079,0.0101,-999.0,-999.0,16.498337,16.49487,16.307161,A
11954,23.09391,30.46159,15.95,0.02,16.12,0.04,15.65,0.07,14.67,0.08,13.03,-1.0,20.3618,0.0285,19.1443,0.019,18.5507,0.0072,18.2736,0.0113,18.0856,0.0139,16.916185,0.022290181,19.12567,20.051622,18.158072,RSG
12210,23.22019,30.64393,16.51,0.03,16.14,0.04,15.76,0.11,14.64,0.15,11.39,0.09,18.5435,0.0041,18.7207,0.0088,18.8775,0.0212,19.0321,0.0176,19.0737,0.0393,18.161379,0.101201706,18.710539,18.466696,18.305588,B
12232,23.12331,30.46736,15.93,0.03,16.14,0.03,15.72,0.08,15.01,0.11,12.6,-1.0,20.556,0.0247,19.2369,0.0143,18.6768,0.0074,18.3853,0.0073,18.2335,0.0176,17.05012,0.026799966,19.290577,19.997353,18.221542,RSG
12556,23.12076,30.47203,16.68,0.05,16.16,0.04,15.58,0.06,14.43,0.07,13.76,-1.0,19.0004,0.0202,19.0561,0.0085,19.2204,0.0102,19.2408,0.0208,19.2658,0.025,18.798187,0.13314722,19.028028,18.984371,18.745749,LBVc
12570,23.67932,31.02385,15.93,0.03,16.16,0.03,15.53,0.09,15.44,0.2,12.33,-1.0,20.6857,0.0348,19.3199,0.0084,18.732,0.0091,18.4409,0.0068,18.2408,0.0272,17.045996,0.028695667,19.310997,20.17637,18.248558,RSG
12724,23.2967,30.20632,16.25,0.05,16.18,0.02,16.35,0.07,16.15,0.17,12.14,-1.0,20.1612,0.0196,18.8002,0.0121,18.1713,0.0091,17.8576,0.0125,17.6433,0.0095,16.317774,0.017458385,18.795563,19.610973,17.698435,RSG
12752,23.60741,30.43622,15.9,0.03,16.18,0.03,15.6,0.09,15.73,0.14,11.9,-1.0,20.4542,0.0239,19.1897,0.0097,18.6279,0.0093,18.3352,0.0158,18.1519,0.0133,17.051514,0.03300949,19.189241,19.817007,18.210966,RSG
12771,23.79038,30.69923,16.51,0.03,16.18,0.03,16.07,0.13,14.48,0.11,10.73,0.09,18.4234,0.0314,18.756,0.0067,18.8064,0.0417,19.0096,0.0288,19.0204,0.0785,-999.0,-999.0,18.71906,18.543028,18.608736,WR
12786,23.28969,30.51354,15.99,0.06,16.18,0.1,15.42,0.07,15.29,0.3,12.25,-1.0,19.8163,0.0087,18.7429,0.0059,18.3256,0.0088,18.1751,0.0094,18.0444,0.033,16.842543,0.029535515,18.836458,19.185934,17.772202,RSG
12832,23.54423,30.77703,16.34,0.09,16.18,0.15,13.83,0.25,11.42,0.03,9.12,0.19,18.0625,0.0652,18.5261,0.0039,18.613,0.0569,18.8489,0.0264,18.6448,0.0684,-999.0,-999.0,19.12113,17.787539,17.526615,B
12856,23.54099,30.61945,16.24,0.08,16.19,0.15,13.55,0.27,11.5,0.04,9.21,0.16,18.51,0.0079,18.3205,0.008,18.3388,0.0117,18.2698,0.0209,18.1822,0.0326,-999.0,-999.0,18.384079,18.167494,17.416843,YSG
12857,23.14588,30.49074,16.1,0.03,16.19,0.05,16.54,0.15,14.72,0.09,12.62,-1.0,19.7727,0.0271,18.7909,0.0071,18.3557,0.0313,18.2015,0.0096,18.0349,0.0196,16.992563,0.025405446,18.887209,19.370186,17.977533,RSG
12926,23.66871,30.64785,16.2,0.03,16.19,0.03,15.68,0.09,14.45,0.1,12.61,-1.0,17.1714,0.004,17.1123,0.0036,17.1427,0.0072,17.0833,0.0079,17.0499,0.0114,16.499521,0.019744776,17.091541,17.241869,16.733881,YSG
12960,23.67969,30.47058,15.91,0.08,16.19,0.07,16.38,0.21,14.75,0.13,12.41,-1.0,20.7792,0.0376,19.4753,0.0107,18.9037,0.0071,18.6157,0.0157,18.41,0.0164,16.93073,0.033178315,19.473368,20.286625,18.44813,RSG
13057,23.14162,30.48426,16.05,0.03,16.2,0.04,15.75,0.11,15.52,0.19,12.65,-1.0,20.2648,0.0283,19.1309,0.0253,18.6401,0.0109,18.4185,0.0176,18.2625,0.0289,17.133707,0.026966183,19.177357,19.58074,18.132042,RSG
13152,23.26919,30.54447,16.21,0.03,16.2,0.04,16.61,0.22,14.97,0.18,12.81,-1.0,17.1008,0.0075,17.089,0.0122,17.1529,0.0059,17.1309,0.0063,17.1312,0.0119,16.47524,0.019558284,17.10152,17.040857,16.698332,YSG
13253,23.30496,30.64806,16.08,0.16,16.21,0.18,14.45,0.12,12.22,0.04,8.81,0.08,18.5616,0.0201,18.5838,0.0315,18.8038,0.0103,18.8623,0.0339,18.8765,0.0396,17.492102,0.06942701,18.640205,18.310951,17.977942,Bn
13359,23.69918,30.92268,15.91,0.04,16.22,0.03,16.04,0.14,16.17,-1.0,13.06,-1.0,20.4032,0.0211,19.1729,0.011,18.6341,0.0067,18.3689,0.0125,18.1493,0.0208,16.929838,0.030142805,19.217688,19.725761,18.09196,RSG
13737,23.41439,30.76114,16.56,0.13,16.24,0.11,13.86,0.16,11.21,0.08,9.44,-1.0,17.3046,0.0217,17.4276,0.02,17.6372,0.0116,17.5502,0.0211,17.7054,0.044,17.098492,0.034681015,17.35482,17.229605,17.014763,LBVc
13779,23.26265,30.51708,16.31,0.04,16.25,0.05,17.02,0.2,15.45,0.23,12.01,-1.0,16.919,0.0379,16.9336,0.0112,17.0819,0.0129,17.1817,0.0077,17.237,0.012,16.519592,0.025218701,17.0252,16.934721,16.720016,LBVc
13790,23.49744,30.3864,16.32,0.05,16.25,0.05,16.0,0.14,13.74,0.11,10.86,0.19,17.0567,0.0159,17.0479,0.0184,17.1813,0.0127,17.3217,0.0179,17.3956,0.0124,-999.0,-999.0,17.156023,16.969347,16.82346,An
13896,23.31317,30.71837,16.34,0.05,16.25,0.05,16.51,0.11,14.61,0.11,13.13,-1.0,16.9424,0.0231,16.94,0.0038,17.0294,0.006,17.0883,0.0086,17.1548,0.0116,16.591814,0.020741396,16.935827,16.953611,16.658482,A
13934,23.67188,30.94044,16.02,0.02,16.26,0.03,15.52,0.11,14.07,0.13,11.4,-1.0,20.4112,0.0244,19.1496,0.0135,18.5772,0.0076,18.3488,0.008,18.1611,0.0158,16.982706,0.027274985,19.152466,19.753086,18.09941,RSG
13979,23.32963,30.66008,16.25,0.05,16.26,0.06,14.78,0.12,12.51,0.06,10.32,-1.0,18.437,0.0094,17.9295,0.0078,17.8238,0.0036,17.7731,0.0065,17.7155,0.0158,16.9741,0.027670963,18.036428,18.184813,17.263983,YSG
14486,23.49179,30.72392,16.19,0.09,16.29,0.13,14.62,0.13,12.59,0.08,10.65,-1.0,18.081,0.0084,18.3646,0.0064,18.5638,0.0151,18.775,0.0157,18.8047,0.022,17.126175,0.06629471,18.295013,17.79338,17.424404,B
14645,23.23688,30.45679,16.09,0.14,16.3,0.07,14.8,0.19,13.41,0.05,11.49,-1.0,20.9525,0.021,21.061,0.0479,20.4503,0.0474,19.9431,0.0524,19.524,0.0739,18.965586,0.15221584,-999.0,-999,-999,WR
14727,23.20447,30.26797,15.26,0.02,16.31,0.03,14.71,0.09,15.49,0.12,12.86,-1.0,20.0227,0.0202,18.6931,0.016,18.1086,0.0045,17.8022,0.0061,17.6204,0.0147,16.404312,0.018001953,18.67703,19.52707,17.670015,RSG
15042,23.35414,30.40195,16.13,0.03,16.33,0.03,15.99,0.12,15.03,0.21,12.17,-1.0,20.6859,0.0298,19.4483,0.0133,18.8763,0.0127,18.5979,0.011,18.3922,0.0081,17.164661,0.03667253,19.45383,19.724834,18.201757,RSG
15102,23.49219,30.55568,16.39,0.06,16.34,0.06,15.52,0.09,13.25,0.09,11.35,0.12,16.6336,0.0098,16.6916,0.0286,16.8242,0.0113,16.9598,0.0179,16.9979,0.0151,16.046915,0.016792163,16.70481,16.53703,16.345482,A
15152,23.48761,30.75337,16.21,0.08,16.34,0.07,16.62,0.22,13.99,-1.0,10.63,-1.0,18.4528,0.012,17.9265,0.0123,17.7528,0.0043,17.6695,0.0057,17.6083,0.012,16.749191,0.035173133,18.051905,18.089771,17.040386,YSG
15417,23.23391,30.55636,16.11,0.03,16.36,0.04,16.85,0.29,16.39,-1.0,14.13,-1.0,19.326,--,19.4726,0.0197,18.9027,0.0106,18.6115,0.0106,18.4383,0.015,17.09955,0.03128452,19.614195,19.553242,18.284294,RSG
15803,23.3021,30.49528,16.37,0.12,16.38,0.12,15.88,0.18,12.96,0.09,10.91,-1.0,17.9582,0.0136,18.1053,0.0117,18.3656,0.0099,18.467,0.0202,18.4409,0.0162,17.341251,0.075464845,18.322266,17.783762,17.694174,B
15929,23.36569,30.3518,16.12,0.13,16.39,0.11,15.98,0.11,16.64,-1.0,12.17,-1.0,17.773,0.0081,17.8606,0.0063,17.9543,0.0059,17.9574,0.013,17.9533,0.0238,16.973064,0.043198057,17.828236,17.824503,17.449387,A
15971,23.48508,30.7263,16.47,0.09,16.39,0.09,15.16,0.21,13.14,0.09,11.63,-1.0,17.8338,0.0069,17.9198,0.0131,18.0405,0.007,18.0306,0.0204,18.0421,0.0287,17.155985,0.047088753,17.917772,17.66098,17.161276,A
16049,23.28452,30.52379,16.01,0.06,16.4,0.06,16.64,0.11,15.98,-1.0,12.05,-1.0,20.7131,0.0454,19.628,0.0214,19.0995,0.014,18.8128,0.0159,18.6174,0.018,-999.0,-999.0,19.76953,19.371264,18.27113,RSG
16173,23.78124,30.70235,16.24,0.03,16.4,0.03,15.97,0.12,15.07,0.17,12.68,-1.0,20.4448,0.0715,19.4214,0.0116,18.913,0.0108,18.6661,0.0137,18.4506,0.0208,17.380678,0.04142936,19.498953,20.280083,18.465403,RSG
16204,23.42551,30.32954,15.38,0.02,16.41,0.04,15.48,0.06,15.73,0.1,11.96,-1.0,20.3281,0.0207,18.953,0.0259,18.2585,0.0081,17.9365,0.0083,17.7474,0.0234,16.500843,0.020206904,18.90674,19.60169,17.780739,RSG
16351,23.48093,31.00258,15.59,0.03,16.41,0.03,15.36,0.07,14.93,0.14,11.95,-1.0,16.8583,0.005,16.7268,0.0029,16.7386,0.0038,16.6771,0.0066,16.6473,0.0098,16.00541,0.013386156,16.727293,16.903954,16.354822,YSG
16372,23.50813,30.63852,17.26,0.26,16.41,0.13,15.45,0.13,13.99,-1.0,8.13,0.09,17.5935,0.0141,17.7193,0.0194,18.0919,0.0097,18.2132,0.0149,18.2314,0.0401,17.293219,0.0874395,17.774836,17.235348,16.973595,On
16483,23.08462,30.49384,16.21,0.02,16.42,0.02,16.38,0.14,15.07,0.11,13.13,-1.0,20.412,0.0161,19.2229,0.0118,18.7505,0.0052,18.5124,0.0125,18.3412,0.0125,17.208544,0.03160919,19.285406,19.943703,18.34601,RSG
16562,23.40672,30.30168,15.56,0.06,16.42,0.05,15.66,0.07,16.04,0.12,12.43,-1.0,20.3602,0.0172,19.0449,0.0076,18.4065,0.0104,18.1157,0.006,17.927,0.015,16.309978,0.022307022,19.024666,19.805735,17.92703,RSG
16577,23.54811,30.77788,16.54,0.12,16.42,0.21,15.06,0.18,12.57,0.07,10.54,0.1,17.7805,0.0194,17.9267,0.0087,18.1141,0.0245,18.3234,0.0194,18.3209,0.0276,17.614191,0.12106966,18.111023,17.484488,17.334793,Bn
16653,23.48051,30.73279,16.03,0.08,16.43,0.14,16.26,0.17,15.49,-1.0,11.9,-1.0,17.2005,0.0202,17.1647,0.0103,17.2284,0.0071,17.2044,0.0052,17.1823,0.0109,16.25396,0.02342841,17.184902,17.13453,16.578138,YSG
16726,23.23515,30.64573,16.47,0.04,16.43,0.04,16.15,0.15,14.69,0.13,11.62,-1.0,16.9953,0.0084,16.9804,0.0064,17.1044,0.0081,17.1608,0.0087,17.222,0.0097,16.762754,0.025120346,16.996134,16.924112,16.733875,A
16768,23.6339,30.52009,16.18,0.02,16.43,0.03,16.44,0.12,14.98,0.14,12.85,-1.0,19.8857,0.0259,18.8297,0.0058,18.431,0.0107,18.2391,0.0091,18.1264,0.0274,17.051271,0.027783139,18.891357,19.547356,18.038237,RSG
16868,23.47042,30.3221,15.86,0.03,16.44,0.04,15.75,0.09,16.27,0.28,12.6,-1.0,20.1329,0.0149,18.7994,0.0129,18.2825,0.0055,17.9873,0.009,17.7908,0.0186,16.599792,0.021863393,18.84448,19.501474,17.75176,RSG
16898,23.64692,30.70541,16.39,0.04,16.44,0.04,16.71,0.19,16.08,-1.0,12.02,-1.0,18.1596,0.007,17.7677,0.0041,17.6734,0.0042,17.6316,0.0072,17.5688,0.0222,16.693695,0.027526047,17.850658,18.07869,17.215002,F
17030,23.24703,30.58466,16.39,0.05,16.45,0.05,16.17,0.17,13.69,0.08,11.4,-1.0,17.6811,0.0141,17.4349,0.009,17.4272,0.0091,17.4061,0.0101,17.3671,0.0104,16.476366,0.022406781,17.493462,17.557287,17.016165,YSG
17043,23.55492,30.57267,16.47,0.07,16.45,0.07,15.1,0.13,12.49,0.06,9.65,0.07,17.7044,0.0048,17.5737,0.0087,17.6095,0.0045,17.5377,0.0094,17.5352,0.0154,16.831024,0.031399965,17.624498,17.549252,17.021715,YSG
17150,23.17298,30.24362,16.61,0.05,16.45,0.03,16.42,0.11,15.83,0.12,12.67,-1.0,20.0464,0.031,18.7154,0.0103,18.1359,0.0062,17.8505,0.007,17.6702,0.015,16.477747,0.019185487,18.713764,19.617264,17.728268,RSG
19180,23.37067,30.79568,16.51,0.08,16.56,0.08,16.21,0.14,13.17,0.07,9.85,0.08,16.5943,0.0037,16.8044,0.0062,17.0484,0.0032,17.2673,0.0081,17.3603,0.0095,16.75118,0.030961601,17.012741,16.50294,16.587128,B
19499,23.33096,30.88424,16.34,0.02,16.58,0.05,16.07,0.1,14.92,0.15,11.39,-1.0,20.6829,0.0195,19.4704,0.0091,18.9298,0.0035,18.6898,0.0145,18.5042,0.0161,17.314798,0.03827093,19.496176,19.833988,18.413387,RSG
19555,23.38417,30.24152,16.45,0.03,16.58,0.03,16.22,0.1,16.12,0.14,12.65,-1.0,20.5978,0.0229,19.1683,0.0071,18.4831,0.0101,18.1941,0.0104,17.9443,0.0111,16.737913,0.025234042,19.152843,19.99411,18.11547,RSG
19812,23.56845,30.52244,16.76,0.07,16.59,0.19,16.4,0.15,14.25,0.1,12.39,-1.0,17.058,0.008,17.1416,0.0072,17.3671,0.0168,17.5072,0.0104,17.6017,0.0204,17.237654,0.033754196,17.173681,17.10668,17.010372,LBVc
19934,23.48889,30.63848,16.32,0.08,16.6,0.12,16.27,0.2,13.78,0.11,10.39,-1.0,-999.0,-999.0,-999.0,-999.0,-999.0,-999.0,-999.0,-999.0,-999.0,-999.0,19.275944,0.39100534,-999.0,-999,-999,A
20055,23.17867,30.64638,16.68,0.04,16.6,0.05,16.54,0.15,14.18,0.07,11.39,0.21,16.6599,0.0125,16.8393,0.005,17.0421,0.0047,17.2254,0.0078,17.2985,0.0098,16.84797,0.02163391,16.764719,16.68402,16.681688,B
20101,23.18228,30.5427,16.52,0.04,16.61,0.04,16.29,0.11,15.1,0.17,11.83,-1.0,18.269,0.0063,17.9246,0.0058,17.7902,0.0056,17.764,0.0072,17.7156,0.0101,16.904425,0.023448413,17.957054,18.260078,17.374598,YSGc
20249,23.65906,30.76614,16.44,0.07,16.61,0.06,16.19,0.11,14.92,-1.0,10.94,-1.0,17.2968,0.0072,17.2801,0.0037,17.3373,0.0039,17.3374,0.0068,17.3412,0.0147,16.713297,0.024394598,17.248358,17.285551,16.90391,A
20326,23.21884,30.57207,16.67,0.03,16.62,0.05,17.07,0.3,16.17,-1.0,12.59,-1.0,17.0962,0.0089,17.1367,0.0076,17.248,0.0069,17.2736,0.0083,17.2991,0.0128,16.798895,0.022882354,17.107328,17.141502,16.846855,YSG
20642,23.4785,30.53956,16.77,0.17,16.63,0.15,15.26,0.12,14.09,0.11,10.63,-1.0,18.0854,0.0768,17.8804,0.0255,17.9585,0.0085,18.2042,0.1188,18.3921,0.1155,17.23801,0.06085378,18.081234,17.557085,17.217497,WR
20941,23.18712,30.58254,16.74,0.09,16.65,0.1,15.3,0.17,13.9,0.08,8.33,0.13,16.7744,0.0077,16.9763,0.0079,17.188,0.0106,17.3757,0.0078,17.4511,0.0117,17.01987,0.026852423,17.02809,16.770182,16.792768,B
20978,23.22635,30.51403,16.69,0.03,16.65,0.07,16.41,0.12,14.54,0.09,12.16,-1.0,17.7431,0.0096,17.623,0.0062,17.6216,0.0059,17.6053,0.0082,17.6141,0.0175,17.01655,0.025871048,17.596682,17.709608,17.1939,A
21087,23.45107,30.42424,16.49,0.03,16.65,0.03,16.15,0.11,15.12,0.17,12.57,-1.0,20.2345,0.0217,19.1186,0.0101,18.7244,0.0097,18.566,0.0131,18.4112,0.0461,17.360369,0.037359357,19.194553,19.504034,18.1663,RSG
21366,23.24491,30.62147,16.48,0.04,16.67,0.07,16.5,0.13,16.7,-1.0,12.86,-1.0,20.9991,0.0646,19.7312,0.0111,19.2089,0.0075,18.9572,0.006,18.7452,0.0162,17.574385,0.04586903,19.7551,19.902178,18.564701,RSG
21440,23.33457,30.67164,16.57,0.05,16.67,0.05,16.58,-1.0,15.88,-1.0,11.87,-1.0,19.6332,0.0249,18.6665,0.0131,18.3633,0.0104,18.2201,0.012,18.1201,0.0295,17.0942,0.031007525,18.816048,18.923288,17.685347,RSG
21457,23.62336,30.62551,16.68,0.08,16.67,0.09,15.82,0.12,15.18,0.15,11.87,0.12,17.0199,0.0233,17.1862,0.0256,17.2221,0.0106,17.4484,0.0111,17.5076,0.0208,16.956099,0.040874045,17.203228,17.074228,16.985031,LBVc
21817,23.4449,30.3371,15.59,0.03,16.69,0.05,15.72,0.09,16.35,0.16,12.47,-1.0,20.5935,0.0255,19.2267,0.0113,18.4951,0.005,18.1493,0.0105,17.9456,0.0066,16.76559,0.022988051,19.135666,19.969679,18.03961,RSG
21821,23.35039,30.30095,15.72,0.03,16.69,0.04,15.47,0.08,15.7,0.11,12.93,-1.0,19.7892,0.0163,18.6446,0.0157,18.1588,0.0076,17.9505,0.0078,17.8021,0.0169,16.647913,0.0210645,18.655056,19.223146,17.69378,RSG
22225,23.39406,30.74565,16.89,0.12,16.71,0.13,13.38,0.14,11.35,0.05,9.76,0.14,19.0901,0.0154,19.1951,0.0102,19.3768,0.0211,19.4924,0.0373,19.487,0.049,19.50291,0.28291088,19.10434,18.804451,18.326107,Bn
22242,23.63337,30.80455,16.86,0.21,16.71,0.18,13.49,0.2,11.63,0.09,9.66,0.3,18.6254,0.0045,18.7623,0.0098,19.0806,0.0182,19.2229,0.0125,19.2819,0.0595,18.934704,0.20371361,18.764418,18.566803,18.354502,Bn
22721,23.53412,30.87629,16.75,0.12,16.73,0.06,16.66,0.23,15.16,0.17,12.16,-1.0,19.8304,0.029,19.5438,0.04,19.3454,0.0472,19.2549,0.0217,18.9777,0.011,17.424038,0.077568695,-999.0,-999,-999,WR
22730,23.18483,30.26321,16.41,0.03,16.73,0.04,16.26,0.1,15.91,0.11,13.67,-1.0,16.476,0.0029,16.5232,0.0029,16.6745,0.0042,16.6574,0.0041,16.7256,0.0146,16.112799,0.014238679,16.47429,16.533777,16.269796,B
22792,23.54655,30.31344,16.45,0.03,16.73,0.04,16.36,0.08,16.25,0.16,12.92,-1.0,20.0052,0.0379,18.8757,0.0116,18.3672,0.0089,18.1152,0.0079,17.9269,0.0186,16.824326,0.023477454,18.914597,19.562151,17.94968,RSG
23001,23.499,30.69014,16.46,0.14,16.74,0.15,12.93,0.17,10.64,0.06,9.93,0.25,17.3652,0.0073,17.511,0.0038,17.7056,0.004,17.8344,0.0135,17.9652,0.031,17.601585,0.0501713,17.491873,17.125805,16.881334,B
23139,23.26466,30.7436,16.77,0.05,16.75,0.05,16.53,0.16,16.17,-1.0,12.11,-1.0,18.67,0.0141,18.2669,0.0046,18.1243,0.0059,18.0939,0.0057,18.0383,0.0251,17.249422,0.031679787,18.315622,18.584187,17.709633,YSG
23192,23.49908,30.56878,16.37,0.17,16.75,0.13,14.91,0.18,11.96,0.07,9.75,-1.0,19.8865,0.0499,20.1018,0.1936,20.0978,0.0826,19.7808,0.0618,19.4721,0.135,17.446903,0.059623595,20.379242,--,--,WR
23563,23.53194,30.75621,16.8,0.1,16.76,0.16,16.5,0.22,15.41,-1.0,12.67,-1.0,18.3331,0.0053,18.0508,0.01,18.0117,0.0045,17.9716,0.0113,17.9475,0.0206,-999.0,-999.0,18.105907,18.073057,17.297277,YSG
23598,23.53519,30.79547,16.79,0.05,16.77,0.1,15.22,0.13,12.95,0.11,9.68,-1.0,18.9647,0.0114,19.102,0.013,19.2972,0.0212,19.5096,0.0513,19.4318,0.0354,-999.0,-999.0,19.208214,18.51138,18.104528,Bn
24147,23.62918,30.69102,16.66,0.12,16.79,0.12,14.26,0.17,11.88,0.08,9.91,-1.0,17.9656,0.0327,18.0417,0.006,18.1401,0.0081,18.1553,0.0147,18.1537,0.0214,17.399622,0.056220002,18.052885,17.935106,17.562992,YSG
25404,23.3933,30.32339,15.87,0.03,16.84,0.04,16.09,0.15,17.01,0.26,11.7,-1.0,20.1932,0.0079,19.1186,0.0123,18.5778,0.0057,18.3384,0.0149,18.1638,0.0246,16.839693,0.02841078,19.22622,19.392157,18.036926,RSG
25433,23.58686,31.09532,16.62,0.04,16.84,0.05,16.88,0.13,16.71,-1.0,12.38,-1.0,20.4836,0.0366,19.1736,0.0084,18.6155,0.0071,18.3587,0.0107,18.1733,0.0146,16.95655,0.028963735,19.199638,19.879847,18.167389,RSG
25458,23.55526,30.67888,16.55,0.08,16.84,0.11,16.13,0.11,15.04,0.14,11.15,0.1,18.3156,0.0101,18.5994,0.0125,18.8909,0.0192,19.1011,0.0235,19.1632,0.0457,17.456686,0.10747646,18.53127,18.02166,17.71726,B
25579,23.22138,30.59259,16.82,0.06,16.85,0.05,16.79,0.17,16.33,-1.0,12.47,-1.0,18.4366,0.0077,18.6125,0.0096,18.7717,0.0126,18.8259,0.0248,18.8393,0.0415,17.73897,0.06656003,18.636646,18.353334,18.142189,B
25647,23.58982,30.56043,16.8,0.07,16.85,0.07,15.43,0.12,13.06,0.08,--,-1.0,17.8559,0.0104,17.808,0.0071,17.8551,0.0062,17.846,0.0157,17.8086,0.019,17.279387,0.038242493,17.799915,17.835484,17.349758,YSG
25885,23.38371,30.34252,16.13,0.04,16.86,0.06,15.61,0.11,15.63,-1.0,12.22,-1.0,20.6026,0.0476,19.4057,0.013,18.892,0.0116,18.6122,0.0107,18.3822,0.0277,17.244,0.03659572,19.446291,19.901594,18.330645,RSG
25900,23.39804,30.8063,16.88,0.08,16.86,0.07,15.99,0.16,13.35,0.08,11.64,-1.0,17.0164,0.0061,17.137,0.0059,17.2912,0.0069,17.3812,0.0048,17.4425,0.0071,16.93113,0.029584965,17.074306,17.028421,16.843893,A
25990,23.53717,30.70275,16.81,0.09,16.87,0.07,15.75,-1.0,14.12,-1.0,10.49,-1.0,19.294,0.0073,19.5824,0.0129,19.7325,0.0159,19.4657,0.0275,19.2672,0.0383,-999.0,-999.0,19.55405,18.519844,17.923113,On
26064,23.44559,30.61193,16.88,0.12,16.87,0.1,14.46,0.13,12.6,0.07,9.35,0.02,18.0626,0.009,17.8664,0.0076,17.9077,0.0107,17.8359,0.0128,17.7806,0.0222,-999.0,-999.0,17.94078,17.655178,17.006397,A
26599,23.31496,30.49696,16.76,0.06,16.89,0.06,15.51,0.21,12.13,0.05,11.48,-1.0,17.1033,0.0071,17.2039,0.0094,17.3945,0.0037,17.488,0.0082,17.5181,0.0217,17.069595,0.026891325,17.1699,17.114906,16.95226,A
26761,23.41742,30.68396,16.86,0.11,16.9,0.1,15.44,0.22,12.63,0.03,7.8,0.06,20.181,0.0204,19.8961,0.044,19.7761,0.0383,19.8127,0.0529,19.5833,0.15,18.064194,0.30561674,-999.0,-999,-999,WR
26878,23.45793,30.83522,16.85,0.06,16.9,0.06,17.07,0.22,16.04,0.24,13.51,0.21,18.085,0.0073,17.8858,0.0059,17.857,0.0047,17.8173,0.0077,17.7949,0.021,16.436304,0.035026927,17.936174,17.999228,17.297728,YSG
27289,23.4652,30.24388,18.04,0.06,16.92,0.04,--,-1.0,16.73,0.24,13.56,-1.0,20.2515,0.0219,19.0213,0.0113,18.5326,0.0156,18.2724,0.0126,18.0692,0.0186,16.87919,0.027741434,19.090559,19.995037,18.155134,RSG
27834,23.42443,30.34391,15.8,0.03,16.94,0.04,15.26,0.12,15.7,-1.0,11.75,-1.0,20.6039,0.0411,19.3022,0.0083,18.6839,0.0081,18.3678,0.0092,18.1728,0.0089,16.972744,0.028050479,19.267189,19.59568,18.144497,RSG
29928,23.26459,30.21975,16.9,0.04,17.02,0.03,15.95,0.1,16.6,0.18,12.57,-1.0,20.2197,0.0251,19.1068,0.0137,18.6201,0.0087,18.3863,0.0114,18.2325,0.0178,17.016403,0.033349864,19.128536,19.892868,18.153591,RSG
30852,23.63655,30.66186,17.05,0.08,17.05,0.08,16.94,-1.0,15.46,0.22,12.07,-1.0,17.1164,0.0161,17.2598,0.0054,17.4251,0.0045,17.541,0.0077,17.5807,0.0089,17.098766,0.033917326,17.203854,17.147732,16.975101,B
31568,23.28783,30.83186,17.3,0.07,17.08,0.1,16.79,0.19,15.63,0.21,11.34,0.18,17.9082,0.0125,17.9956,0.0052,18.1968,0.0093,18.3885,0.0094,18.4388,0.0387,-999.0,-999.0,17.939013,17.848742,17.821814,WR
31968,23.48313,30.56883,17.11,0.13,17.09,0.12,15.22,0.08,13.58,0.11,10.48,-1.0,-999.0,-999.0,-999.0,-999.0,-999.0,-999.0,-999.0,-999.0,-999.0,-999.0,20.719868,1.1890386,19.811281,--,--,WR
32094,23.49107,30.51221,16.92,0.07,17.09,0.08,16.86,-1.0,16.03,-1.0,11.93,-1.0,18.5005,0.0124,18.6324,0.0128,18.7691,0.0166,18.8441,0.0145,18.8401,0.0221,17.881569,0.09103502,18.62615,18.30403,17.924152,B
32180,23.47831,30.94511,17.13,0.04,17.1,0.05,17.01,0.24,15.16,0.15,12.31,-1.0,17.5575,0.0076,17.6334,0.0031,17.7656,0.0035,17.8479,0.0098,17.8748,0.0272,16.98057,0.039053693,17.580029,17.53644,17.33884,A
32664,23.23461,30.45922,17.21,0.07,17.12,0.09,15.67,0.14,14.32,0.09,10.8,-1.0,17.2142,0.0137,17.4302,0.0061,17.6741,0.0174,17.8599,0.0061,17.9465,0.0216,17.524673,0.04054831,17.351831,17.164717,17.259113,Bn
33163,23.40481,30.9979,16.87,0.03,17.13,0.04,16.79,0.11,15.72,0.18,13.13,-1.0,20.5289,0.0317,19.266,0.0067,18.745,0.0077,18.4819,0.0142,18.2964,0.0087,17.180725,0.032963745,19.298367,19.85875,18.265682,RSG
33338,23.25369,30.58471,17.67,0.1,17.14,0.11,16.73,0.26,12.93,0.1,10.82,0.06,17.1788,0.0106,17.4608,0.0054,17.7496,0.0067,17.956,0.0081,18.0496,0.0223,17.183052,0.041984968,17.3639,17.159504,17.309809,Bn
33369,23.31336,30.75093,17.36,0.12,17.14,0.14,16.53,0.22,14.34,0.09,9.47,0.03,18.1495,0.0908,18.3828,0.031,18.8817,0.0294,19.0676,0.0252,18.9233,0.0277,17.4865,0.0866212,18.580717,17.858316,17.95835,WR
34404,23.3571,30.53248,17.06,0.09,17.17,0.12,14.28,0.16,12.11,0.07,10.8,0.16,17.9731,0.0177,18.0463,0.0107,18.198,0.0058,18.3066,0.0153,18.3055,0.0161,17.464848,0.078486405,18.028301,17.878096,17.552998,B
34563,23.33642,30.61274,17.3,0.07,17.18,0.07,16.9,0.22,15.44,-1.0,12.88,-1.0,17.7502,0.0059,17.7804,0.0086,17.9088,0.0049,17.9505,0.0109,17.9419,0.0169,-999.0,-999.0,17.749857,17.6848,17.32095,A
34785,23.59461,30.73352,17.67,0.15,17.19,0.09,15.91,0.17,14.58,0.08,11.17,0.14,18.4735,0.0058,18.6577,0.0054,18.864,0.0105,19.0095,0.0241,19.1229,0.0173,18.827702,0.15579925,18.5568,18.302279,18.009247,B
34793,23.56475,31.01923,17.21,0.08,17.19,0.07,16.51,0.14,15.33,0.21,12.33,-1.0,17.8712,0.0053,17.8652,0.0048,17.9529,0.0062,17.9382,0.0098,17.9465,0.018,17.206942,0.03959331,17.826294,17.879366,17.52541,A
34953,23.44299,30.54942,17.18,0.13,17.19,0.13,15.48,-1.0,13.41,-1.0,10.44,0.24,17.372,0.0095,17.3627,0.009,17.54,0.0054,17.5601,0.0063,17.6259,0.0326,16.512335,0.023589946,17.416142,17.241604,16.880087,A
34971,23.44277,30.32932,16.27,0.03,17.19,0.05,16.07,0.12,17.04,-1.0,13.03,-1.0,20.6331,0.0366,19.3807,0.0123,18.8588,0.0044,18.6025,0.0125,18.387,0.0336,17.232634,0.034252483,19.39495,20.051037,18.3648,RSG
35264,23.39766,31.01115,16.98,0.04,17.2,0.04,17.55,0.23,15.33,0.14,12.52,-1.0,16.5041,0.0077,16.6138,0.0061,16.7799,0.0128,16.9099,0.0112,16.966,0.0146,16.403748,0.019564932,16.597267,16.447842,16.404171,B
36520,23.50479,30.77871,16.96,0.1,17.25,0.08,14.0,0.16,12.19,0.1,10.29,-1.0,17.8046,0.0071,17.9016,0.0071,18.045,0.0056,18.0936,0.0186,18.145,0.0246,17.89765,0.07608463,17.89868,17.629763,17.31804,A
37510,23.32083,30.89164,17.58,0.05,17.28,0.07,16.78,-1.0,14.7,0.14,11.16,-1.0,18.8701,0.0141,18.8384,0.0066,19.0125,0.012,19.0975,0.0238,19.2012,0.0698,18.494904,0.14528523,18.814548,18.663273,18.36745,LBVc
37746,23.4058,30.26369,17.13,0.03,17.29,0.06,16.43,0.16,16.84,0.26,13.25,-1.0,17.9897,0.0052,17.6676,0.003,17.5372,0.0049,17.5127,0.0075,17.4846,0.0272,16.768377,0.023143759,17.680065,18.004065,17.180721,YSGc
37996,23.61218,30.88189,17.2,0.1,17.3,0.1,16.66,0.18,14.4,0.14,12.71,-1.0,17.2691,0.0056,17.5461,0.0115,17.8192,0.0215,18.1038,0.0095,18.1622,0.0193,17.334763,0.053414304,17.707245,17.205128,17.302593,B
38106,23.26827,30.48081,17.46,0.17,17.3,0.14,15.15,0.12,13.51,0.08,10.65,0.24,18.9457,0.01,19.1232,0.0151,19.3289,0.016,19.5011,0.0145,19.5254,0.0552,18.893702,0.17434748,19.176268,18.629076,18.544258,On
38454,23.25562,30.62182,17.3,0.1,17.31,0.09,15.1,0.12,13.5,0.08,11.18,0.14,17.9898,0.0092,18.1153,0.0101,18.2555,0.0057,18.3437,0.0168,18.3848,0.0369,17.944086,0.060256217,18.057535,17.977453,17.80308,B
38724,23.27233,30.64253,17.12,0.04,17.32,0.07,16.93,-1.0,15.12,0.16,13.51,-1.0,17.5866,0.0128,17.6477,0.0085,17.7527,0.0054,17.7788,0.0102,17.8442,0.0172,17.332062,0.03091415,17.583366,17.602272,17.305305,A
39279,23.39201,30.79577,17.17,0.1,17.34,0.16,16.47,-1.0,15.2,-1.0,10.33,0.11,17.4582,0.0174,17.5537,0.0141,17.8402,0.0073,17.98,0.013,18.0622,0.0071,17.38728,0.050179467,17.566488,17.460978,17.287811,B
39493,23.43097,30.35768,17.57,0.11,17.35,0.15,15.24,0.15,13.66,0.06,12.19,-1.0,17.8112,0.0065,18.0341,0.0071,18.2937,0.0104,18.4949,0.0063,18.5845,0.026,18.152407,0.10554397,17.979906,17.753492,17.773188,B
40429,23.3315,30.64252,17.37,0.06,17.38,0.09,16.09,0.15,13.35,0.08,11.54,-1.0,17.8431,0.0356,17.9039,0.0067,18.0444,0.0063,18.0807,0.0154,18.0986,0.0198,17.484371,0.046372592,17.84992,17.763924,17.421751,A
40570,23.5237,30.80534,17.3,0.07,17.39,0.08,14.73,0.14,12.27,0.1,10.64,-1.0,17.6406,0.0084,17.8369,0.0063,18.0057,0.0045,18.1497,0.0112,18.2318,0.019,17.687988,0.06637873,17.78358,17.606567,17.371586,B
40582,23.40212,30.29689,16.51,0.04,17.39,0.05,16.52,0.18,16.92,0.28,12.77,-1.0,20.5096,0.0269,19.3663,0.0101,18.8922,0.0063,18.6448,0.0093,18.4347,0.007,17.39062,0.037899047,19.407738,19.837038,18.380749,RSG
40714,23.45426,30.70611,17.17,0.15,17.39,0.15,17.11,-1.0,15.29,0.27,11.99,-1.0,17.2339,0.0293,17.4489,0.0269,17.8449,0.0731,18.1232,0.0768,18.1049,0.031,16.777077,0.05668671,-999.0,-999,-999,B
40788,23.44847,30.89634,17.38,0.08,17.39,0.09,17.16,0.26,16.58,-1.0,11.95,-1.0,19.3298,0.013,19.5225,0.0129,19.6633,0.0195,19.6814,0.0201,19.6643,0.049,18.217798,0.11492536,-999.0,-999,-999,B
41212,23.49041,30.28722,17.43,0.05,17.41,0.07,17.4,-1.0,16.21,0.26,12.04,0.23,17.3281,0.0045,17.3758,0.0097,17.4908,0.0064,17.6139,0.0241,17.6267,0.0104,17.058561,0.030214572,17.33157,17.301592,17.129002,LBVc
41597,23.13934,30.25317,16.47,0.03,17.42,0.05,16.88,0.17,17.13,0.21,12.67,-1.0,20.4151,0.0371,18.8921,0.0078,18.1749,0.0043,17.846,0.0084,17.6206,0.0348,16.366402,0.017547535,18.860598,19.934652,17.801306,RSG
41607,23.10707,30.47561,17.49,0.05,17.42,0.06,17.01,-1.0,15.8,0.23,12.27,-1.0,18.0248,0.0052,18.0707,0.0072,18.2168,0.0032,18.2279,0.012,18.2831,0.0215,17.606293,0.048906073,18.033094,18.081377,17.815361,A
41649,23.14344,30.46341,17.85,0.15,17.42,0.2,16.79,0.2,15.26,0.15,10.51,0.17,18.793,0.0119,18.9955,0.049,19.6198,0.0452,19.9095,0.0608,19.5973,0.0273,18.453602,0.18438788,19.497002,18.601742,18.743767,O
41662,23.53428,30.7384,17.16,0.1,17.42,0.12,15.22,0.12,13.63,0.1,15.12,-1.0,17.7856,0.0279,17.8427,0.0088,17.9839,0.0107,18.0707,0.0027,18.0914,0.0161,-999.0,-999.0,17.840935,17.639284,17.282997,B
41672,23.24806,30.55944,17.39,0.05,17.42,0.06,16.97,0.29,15.71,-1.0,11.87,-1.0,18.0528,0.0154,18.0345,0.0075,18.1154,0.0126,18.1418,0.0071,18.1188,0.0184,17.525455,0.04361678,18.092024,17.93883,17.607176,YSG
42435,23.42057,30.75096,16.64,0.08,17.45,0.14,16.62,0.23,13.36,0.09,12.19,-1.0,20.6384,0.056,19.7069,0.0064,19.247,0.0168,19.0322,0.0161,18.8591,0.0057,17.753578,0.058742188,19.797192,19.263544,18.119202,RSG
43903,23.39023,30.78888,17.4,0.13,17.5,0.12,14.63,0.12,12.36,0.06,11.66,-1.0,17.64,0.011,17.8829,0.0111,18.1436,0.0067,18.3125,0.0095,18.4333,0.0258,17.952883,0.08396474,17.836123,17.62154,17.54796,B
43954,23.44221,30.57698,17.24,0.11,17.5,0.22,16.57,0.2,15.07,-1.0,12.22,-1.0,21.2857,0.0893,21.1701,0.1833,20.7295,0.0673,20.3777,0.0503,19.7006,0.1963,19.950657,0.64445394,-999.0,-999,-999,WR
44304,23.67029,30.77202,17.46,0.07,17.52,0.08,16.87,0.24,16.07,-1.0,12.03,-1.0,17.2431,0.009,17.4775,0.0155,17.6614,0.0067,17.7901,0.0088,17.8488,0.0208,17.43185,0.041562542,17.37941,17.322685,17.273941,B
44317,23.28618,30.46329,17.33,0.07,17.52,0.11,17.13,-1.0,14.43,0.11,11.83,-1.0,--,--,--,--,20.3088,0.0405,19.619,0.0481,19.5855,0.1659,-999.0,-999.0,20.896452,--,--,Bn
44389,23.55059,30.88418,17.21,0.12,17.52,0.12,16.94,0.19,16.91,-1.0,11.83,-1.0,19.0253,0.0147,19.0681,0.0299,18.9968,0.0244,19.348,0.0321,19.1248,0.0365,17.537891,0.10662327,-999.0,-999,-999,B
44917,23.6734,30.45021,17.52,0.06,17.54,0.07,16.77,-1.0,15.0,0.15,12.6,-1.0,18.111,0.0079,18.1969,0.0082,18.2494,0.0118,18.3332,0.0146,18.3878,0.0174,17.795643,0.06757435,18.144083,18.065235,17.848656,B
44947,23.25728,30.56541,17.53,0.07,17.54,0.09,16.12,0.13,13.65,0.08,10.94,0.26,17.6673,0.0062,17.7312,0.0044,17.8636,0.0104,17.9752,0.0058,18.046,0.0277,17.421389,0.038639516,17.697935,17.621904,17.406668,B
45166,23.36759,30.71045,17.45,0.11,17.55,0.11,15.48,0.12,13.39,0.1,11.19,-1.0,18.6912,0.0077,18.513,0.008,18.5403,0.0089,18.5078,0.0112,18.4782,0.0272,17.833977,0.06561625,18.610325,18.361,17.706116,YSG
46030,23.23539,30.64805,17.59,0.09,17.58,0.11,16.76,0.21,15.72,-1.0,11.93,-1.0,17.9533,0.0099,18.0187,0.009,18.1821,0.0051,18.2074,0.0112,18.2595,0.0173,17.985106,0.053271536,18.004807,17.957432,17.707312,YSG
46479,23.27702,30.50286,17.48,0.14,17.59,0.13,15.99,0.12,13.51,0.1,11.6,-1.0,18.1176,0.048,18.2969,0.0086,18.4713,0.005,18.5344,0.0093,18.5243,0.0143,-999.0,-999.0,18.256788,18.090506,17.905529,B
46518,23.48934,30.8647,17.65,0.1,17.6,0.09,17.06,-1.0,16.78,-1.0,12.27,-1.0,18.2405,0.0072,18.1962,0.006,18.2384,0.007,18.23,0.0129,18.17,0.0242,-999.0,-999.0,18.184788,18.13905,17.627901,YSG
47208,23.30348,30.45049,17.4,0.11,17.62,0.13,14.66,0.18,11.8,0.09,10.93,-1.0,18.8608,0.0108,19.0102,0.0098,19.2232,0.0143,19.3367,0.0207,19.4613,0.0615,18.569292,0.19686979,19.01598,18.658741,18.43144,Bn
47465,23.22043,30.58061,17.54,0.07,17.63,0.1,17.31,-1.0,14.34,0.1,11.39,-1.0,17.914,0.0067,17.9911,0.0072,18.2271,0.0135,18.2269,0.0102,18.2859,0.0183,17.90867,0.056562226,18.033651,17.91466,17.71357,Bn
47517,23.63088,30.95473,17.52,0.15,17.63,0.12,16.02,0.16,12.69,0.1,10.2,-1.0,--,--,--,--,20.0626,0.0413,20.037,0.061,19.6699,0.0892,17.67049,0.11927781,20.220358,--,--,WRn
48006,23.26082,30.57392,17.65,0.07,17.65,0.11,16.57,0.21,15.63,-1.0,12.16,-1.0,17.7265,0.0068,17.8268,0.0074,17.9948,0.0047,18.1082,0.0112,18.1235,0.027,17.716576,0.04910596,17.804012,17.707632,17.553862,B
48184,23.31753,30.89619,17.78,0.07,17.65,0.12,17.51,0.25,16.63,-1.0,11.0,-1.0,17.6005,0.0113,17.876,0.0094,18.173,0.0136,18.3888,0.0123,18.4538,0.0151,17.944164,0.07571495,18.054365,17.547007,17.688177,B
48351,23.21533,30.59075,17.43,0.14,17.66,0.17,16.23,0.12,14.07,0.09,10.57,0.13,18.6874,0.0156,18.8958,0.0171,19.0558,0.0202,19.3828,0.0278,19.4004,0.042,18.291538,0.12566884,18.969875,18.454979,18.451767,Bc
49307,23.27572,30.61811,17.84,0.08,17.69,0.11,17.39,0.3,15.88,-1.0,12.29,-1.0,18.2601,0.0109,18.2908,0.0094,18.371,0.0041,18.3598,0.0073,18.3357,0.0232,-999.0,-999.0,18.248833,18.218842,17.821793,YSG
49523,23.6405,30.58423,17.42,0.08,17.7,0.08,15.58,0.14,13.31,0.06,11.1,0.14,18.3016,0.0185,18.5401,0.0079,18.7494,0.0118,18.8261,0.0124,18.8676,0.0192,17.943552,0.112168245,18.4454,18.247492,18.12208,B
50121,23.44551,30.60842,17.11,0.16,17.72,0.21,15.65,-1.0,13.62,-1.0,10.05,-1.0,19.0175,0.007,18.9225,0.0292,19.3466,0.0025,19.5915,0.0025,--,--,-999.0,-999.0,19.318853,--,--,Bn
50148,23.49291,30.44541,17.91,0.12,17.72,0.12,17.1,-1.0,16.11,-1.0,12.27,-1.0,17.9845,0.0132,18.2608,0.0133,18.4822,0.0105,18.6805,0.0151,18.7182,0.0231,18.227448,0.11424339,18.182613,18.001272,17.990187,B
50182,23.43679,30.37742,17.86,0.09,17.72,0.07,16.27,0.13,13.68,0.06,11.66,-1.0,18.7645,0.0148,18.855,0.0148,18.9766,0.0121,19.0607,0.0199,19.052,0.0446,18.322699,0.11217868,18.932747,18.57817,18.265137,B
50295,23.36834,30.68515,17.46,0.09,17.73,0.12,16.3,0.13,14.16,0.12,11.6,0.12,17.6939,0.013,17.8717,0.0315,18.1187,0.0177,18.3192,0.0159,18.3836,0.0249,17.823206,0.060480762,17.984463,17.48173,17.376635,B
50408,23.32044,30.73394,17.96,0.1,17.73,0.12,17.05,-1.0,16.2,-1.0,12.76,-1.0,17.8784,0.0095,18.1174,0.0095,18.3694,0.0093,18.6044,0.0097,18.7031,0.0487,18.200745,0.107497506,18.01676,17.820375,17.873632,B
50677,23.8089,30.73964,17.43,0.08,17.74,0.06,17.29,0.25,16.22,0.29,12.86,-1.0,17.6247,0.0078,17.7601,0.0072,17.9795,0.0062,18.1314,0.0057,18.2229,0.0186,17.828377,0.065269195,17.685934,17.618378,17.624756,B
50986,23.39152,30.79562,17.69,0.13,17.75,0.19,16.38,-1.0,15.17,-1.0,10.15,0.1,17.4582,0.0174,17.5537,0.0141,17.8402,0.0073,17.98,0.013,18.0622,0.0071,17.38728,0.050179467,17.566488,17.460978,17.287811,B
51288,23.66336,30.7759,17.3,0.04,17.76,0.09,16.5,0.19,14.81,0.21,11.1,-1.0,18.1547,0.0213,18.1836,0.0081,18.2705,0.0051,18.2916,0.0179,18.2962,0.0111,17.552166,0.052732646,18.161428,18.146032,17.794575,YSG
51730,23.39379,30.41817,18.02,0.08,17.78,0.14,16.94,-1.0,16.95,-1.0,13.07,-1.0,-999.0,-999.0,-999.0,-999.0,-999.0,-999.0,-999.0,-999.0,-999.0,-999.0,-999.0,-999.0,-999.0,-999,-999,O
51879,23.42279,30.50666,18.0,0.13,17.79,0.12,16.77,-1.0,16.49,-1.0,12.48,-1.0,19.7095,0.0361,19.8736,0.0283,19.8521,0.032,19.8453,0.0309,19.7101,0.1206,18.691132,0.1638769,-999.0,-999,-999,B
51888,23.26441,30.55636,18.16,0.09,17.79,0.11,15.71,0.14,13.04,0.07,10.97,0.15,18.2994,0.0028,18.4953,0.0082,18.7509,0.0041,18.9848,0.0119,18.9897,0.069,18.430231,0.12261299,18.45859,18.104038,18.137266,B
51992,23.3501,30.8419,18.17,0.11,17.79,0.11,16.67,0.25,15.46,0.17,11.87,-1.0,18.8606,0.0139,19.0072,0.0175,19.3049,0.0201,19.4516,0.0152,19.4574,0.1092,18.780802,0.16947056,19.062151,18.683943,18.595135,WR
52103,23.33431,30.50725,17.35,0.05,17.79,0.13,17.53,-1.0,14.92,0.16,11.72,-1.0,18.4975,0.0068,18.6365,0.014,18.7664,0.0164,18.8583,0.0167,18.8174,0.0261,18.034939,0.09003401,18.730095,18.330185,17.969513,B
52406,23.30113,30.78439,17.54,0.11,17.81,0.13,17.3,-1.0,16.73,-1.0,12.58,-1.0,19.1692,0.0089,19.3676,0.0169,19.5719,0.0169,19.8399,0.0422,19.7657,0.0723,18.298517,0.17910115,19.422543,18.801311,18.701933,B
53060,23.13195,30.49451,17.83,0.06,17.83,0.09,17.42,0.23,15.97,0.28,12.32,-1.0,18.3804,0.009,18.4393,0.0081,18.524,0.0039,18.5558,0.0099,18.4872,0.0333,17.851068,0.052400693,18.399572,18.457315,18.100594,YSG
53543,23.35898,30.40256,17.63,0.12,17.85,0.12,15.69,0.11,13.69,0.06,11.0,0.14,18.9913,0.004,19.2081,0.013,19.5185,0.0184,19.7155,0.0236,19.9369,0.0666,19.207912,0.2543497,19.203476,18.770926,18.631355,Be
53993,23.31803,30.66585,17.74,0.11,17.86,0.15,16.62,-1.0,14.11,0.08,11.63,-1.0,17.4188,0.0047,17.5889,0.0092,17.7836,0.0061,17.9732,0.0103,18.0892,0.0356,17.63449,0.05551043,17.525126,17.382702,17.30345,B
54202,23.39813,30.4946,17.93,0.11,17.87,0.15,14.86,0.14,13.09,0.09,9.76,0.06,18.4537,0.0073,18.6193,0.0161,18.7589,0.0121,18.9143,0.022,18.9818,0.0367,18.63626,0.112064205,18.484818,18.319366,18.063173,B
54486,23.71111,30.61173,17.99,0.08,17.88,0.09,16.34,0.18,15.32,0.26,12.8,-1.0,18.6885,0.0085,18.6528,0.0146,18.7003,0.0098,18.7045,0.0123,18.6705,0.0151,-999.0,-999.0,18.640234,18.70523,18.232458,A
55539,23.3143,30.88548,17.95,0.13,17.92,0.18,15.24,0.19,13.16,0.08,9.31,-1.0,18.0972,0.012,18.3845,0.0213,18.7061,0.0212,18.897,0.0246,18.9863,0.0227,18.18711,0.12538947,18.780445,17.868538,18.03437,O
55556,23.58982,30.29799,17.63,0.04,17.93,0.07,17.98,-1.0,16.56,0.23,13.6,-1.0,17.7381,0.0034,17.7707,0.0042,17.865,0.0057,17.8551,0.0082,17.8094,0.0123,17.278425,0.037118122,17.712015,17.810556,17.448324,YSG
56071,23.54662,30.5063,18.05,0.1,17.94,0.09,17.35,-1.0,15.9,-1.0,11.95,-1.0,18.707,0.0105,18.7343,0.0118,18.8243,0.0101,18.8198,0.0128,18.8174,0.0263,18.23273,0.11318641,18.744349,18.591286,18.203152,A
56156,23.3795,30.75847,17.79,0.1,17.95,0.1,17.07,-1.0,16.31,-1.0,12.45,-1.0,18.7133,0.0086,18.7671,0.0074,18.9119,0.0092,18.9137,0.0233,18.9511,0.0372,18.295279,0.14517736,18.762379,18.506432,18.066364,YSG
57539,23.72917,30.68735,17.92,0.11,18.0,0.19,15.97,0.11,13.95,0.09,9.6,0.11,18.113,0.0096,18.3769,0.0122,18.6655,0.0096,18.8708,0.0079,19.0026,0.0074,18.657238,0.18861075,18.313477,18.162664,18.201685,Bn
57615,23.69536,30.90732,17.75,0.08,18.0,0.11,17.32,-1.0,16.45,-1.0,12.41,-1.0,18.2447,0.0055,18.3125,0.0058,18.4339,0.008,18.4955,0.0139,18.4843,0.0178,17.981213,0.074436665,18.233568,18.21929,17.940506,YSG
57747,23.25059,30.50424,17.94,0.07,18.01,0.12,16.56,-1.0,14.14,0.11,10.24,-1.0,18.5864,0.0229,18.8193,0.0165,18.9496,0.0076,19.153,0.0179,19.1698,0.0436,18.828543,0.13495378,18.704647,18.495031,18.35816,WR
58131,23.28267,30.57927,17.97,0.14,18.02,0.15,16.8,0.26,15.18,0.15,11.56,-1.0,18.3134,0.0157,18.4303,0.0079,18.5641,0.0075,18.704,0.0104,18.6458,0.0192,-999.0,-999.0,18.384956,18.209467,18.017536,B
58338,23.64697,30.95202,17.83,0.09,18.03,0.12,17.02,0.22,14.97,0.14,11.76,0.19,18.161,0.0071,18.3274,0.0151,18.6026,0.0109,18.7855,0.0227,18.8699,0.0416,17.916597,0.0875235,18.696373,18.037794,18.06608,Oe
58569,23.43067,30.36068,17.89,0.08,18.04,0.15,15.96,0.15,13.8,0.09,10.82,0.15,17.875,0.0053,18.074,0.0077,18.2554,0.0065,18.3899,0.0154,18.4706,0.0229,18.11905,0.078354016,17.997885,17.854568,17.781515,B
59250,23.44345,30.44136,18.25,0.11,18.07,0.11,17.29,-1.0,16.15,-1.0,13.72,-1.0,17.7012,0.005,17.9571,0.0062,18.1388,0.0043,18.3327,0.0118,18.4429,0.0298,17.937105,0.06943089,17.820265,17.67671,17.62586,B
59840,23.55348,31.15228,18.84,0.12,18.09,0.13,17.6,-1.0,16.79,-1.0,12.62,-1.0,17.8728,0.0347,18.0832,0.0196,18.3066,0.0226,18.4321,0.0211,18.441,0.0235,17.753529,0.07117406,18.289225,17.854122,17.831749,YSG
61669,23.4331,31.0363,18.35,0.11,18.16,0.16,16.36,0.14,14.52,0.16,8.56,0.08,17.6732,0.0061,17.8018,0.0055,18.0205,0.0082,18.1952,0.0112,18.2718,0.0183,17.842932,0.06626265,17.772532,17.64141,17.651031,B
61912,23.27545,30.27844,17.38,0.04,18.17,0.1,17.28,-1.0,17.02,-1.0,12.53,-1.0,18.7094,0.0116,18.5224,0.0074,18.4872,0.0095,18.4754,0.0094,18.41,0.0128,17.708963,0.054680567,18.554743,18.639336,18.054226,YSG
62014,23.62974,30.74021,18.14,0.16,18.18,0.19,17.08,-1.0,15.78,0.21,11.83,-1.0,17.9199,0.0064,18.0542,0.0104,18.2137,0.0085,18.2769,0.0122,18.305,0.0252,17.901169,0.06610898,17.992947,17.894993,17.628458,A
62594,23.4743,30.33205,17.22,0.06,18.2,0.09,16.59,0.13,16.84,-1.0,9.54,0.03,19.2297,0.0127,19.363,0.0103,19.3872,0.0189,19.3634,0.0112,19.2379,0.0371,18.579132,0.13256422,19.417868,19.124489,18.809465,B
66972,23.4724,30.42216,18.28,0.08,18.39,0.17,17.07,-1.0,16.42,-1.0,12.85,-1.0,20.19,0.0307,20.4525,0.0205,20.4814,0.042,20.3939,0.0314,20.456,0.1667,19.296555,0.31810376,20.412384,19.908434,19.31263,Ac
67726,23.76273,30.61901,18.59,0.11,18.43,0.14,16.74,0.16,16.5,-1.0,12.41,-1.0,18.1795,0.0108,18.4394,0.0082,18.7241,0.0094,18.9331,0.0148,19.0725,0.0198,18.317104,0.12762178,18.340874,18.157822,18.291508,B
69093,23.55507,30.37622,17.67,0.1,18.49,0.13,16.04,0.15,17.22,-1.0,13.49,-1.0,20.1592,0.0225,20.046,0.0175,20.0216,0.0235,19.9097,0.0488,19.7058,0.0654,18.5241,0.18624473,20.265821,20.06466,19.304073,A
69102,23.46569,30.9408,18.65,0.13,18.49,0.13,15.8,0.17,13.81,0.08,11.68,-1.0,18.8581,0.0061,19.0747,0.0156,19.2932,0.009,19.4808,0.022,19.643,0.059,18.844519,0.26152697,19.131176,18.672009,18.601261,B
69959,23.25392,30.39105,18.69,0.19,18.53,0.17,17.11,-1.0,15.85,-1.0,12.9,-1.0,17.9327,0.0073,18.1765,0.0057,18.4182,0.0084,18.609,0.0131,18.7115,0.0131,-999.0,-999.0,18.080315,17.92572,17.957525,B
70587,23.73815,30.69624,18.54,0.14,18.57,0.14,16.36,0.19,14.3,0.08,11.95,-1.0,18.7841,0.0137,19.0194,0.0129,19.2507,0.0084,19.4371,0.0201,19.4986,0.039,18.981777,0.19635056,18.965094,18.72521,18.673698,B
71069,23.27339,30.4826,18.1,0.12,18.59,0.19,16.59,0.15,14.24,0.09,12.37,-1.0,20.2005,0.0299,20.4273,0.0615,20.4802,0.0414,20.5429,0.0758,20.5976,0.195,19.157763,0.2603196,20.517334,19.516678,19.172247,WR
71712,23.30741,30.87775,18.54,0.11,18.62,0.16,15.93,0.15,13.99,0.09,11.07,-1.0,19.2786,0.011,19.4672,0.0085,19.618,0.0098,19.7642,0.0189,19.6328,0.0667,19.55718,0.36320826,19.382051,19.185366,19.154676,B
71858,23.64864,30.91886,18.53,0.14,18.63,0.21,16.81,0.22,16.54,-1.0,11.89,-1.0,17.8715,0.0129,18.1101,0.0071,18.3658,0.0061,18.5758,0.0195,18.704,0.0404,18.449295,0.101142064,17.983555,17.807182,17.895952,B
71947,23.75713,30.69975,18.25,0.14,18.64,0.19,17.32,-1.0,15.45,0.19,11.55,-1.0,17.9358,0.0068,18.2108,0.0087,18.4509,0.0074,18.6388,0.0104,18.7347,0.0236,18.307142,0.10394796,18.110731,17.935175,18.032814,B
73274,23.2994,30.87229,18.77,0.13,18.71,0.17,17.38,-1.0,16.56,-1.0,11.52,-1.0,19.113,0.0077,19.3006,0.0201,19.4967,0.0119,19.6748,0.0155,19.7016,0.0395,19.4192,0.33349583,19.21838,19.027298,19.022102,B
73655,23.70878,30.90909,18.69,0.17,18.74,0.22,17.14,-1.0,16.33,-1.0,13.45,-1.0,17.8607,0.005,18.0993,0.0141,18.2965,0.0105,18.4913,0.0075,18.5754,0.0243,18.121992,0.084827445,17.977459,17.841839,17.944569,B
74466,23.39071,30.9879,18.92,0.11,18.79,0.15,17.42,-1.0,16.82,-1.0,12.47,-1.0,18.4146,0.0068,18.467,0.0057,18.5694,0.0063,18.5593,0.0092,18.5507,0.0227,18.045916,0.068699114,18.412802,18.474827,18.095877,YSG
76049,23.36658,30.84018,18.31,0.08,18.91,0.21,17.06,0.21,14.45,0.12,11.71,-1.0,18.9773,0.0152,19.2588,0.0105,19.4777,0.011,19.6915,0.0152,19.7454,0.1267,18.727339,0.18401627,19.143745,18.818869,18.68129,B
76262,23.31209,30.4947,18.31,0.12,18.93,0.26,15.8,0.17,13.66,0.08,10.58,-1.0,17.7562,0.0093,18.0098,0.0089,18.2869,0.0081,18.4653,0.0148,18.5468,0.0162,18.233156,0.081608295,17.95055,17.666067,17.701216,B
78307,23.38563,30.29518,19.37,0.27,19.19,0.25,17.26,-1.0,17.24,-1.0,11.94,0.22,19.0146,0.0175,19.3416,0.0195,19.6435,0.015,19.887,0.0221,19.7984,0.0291,19.547422,0.44668624,19.261072,18.963682,18.946838,O
997,23.22313,30.63753,14.75,0.02,14.11,0.02,13.44,0.02,12.17,0.08,8.57,0.02,19.5315,0.0136,19.2945,0.0163,19.43,0.0327,18.7729,0.0389,19.1037,0.0152,17.828773,0.067147724,20.10602,19.544744,18.674446,QSO
2625,23.16222,30.74134,14.85,0.08,14.78,0.07,14.83,0.08,14.17,0.06,12.02,0.09,20.1902,0.0381,19.096,0.0192,18.8997,0.0182,18.403,0.0481,18.2174,0.0262,16.300146,0.025698578,-999.0,-999,-999,GAL
2830,23.60597,30.86664,14.93,0.05,14.83,0.05,14.87,0.05,12.29,0.08,9.31,0.03,19.3737,0.0305,18.7769,0.0185,18.3429,0.0148,18.3929,0.0201,18.035,0.0562,16.398687,0.028428752,19.584908,18.772507,17.64021,GAL
3662,23.30595,30.95268,14.23,0.1,15.03,0.08,14.43,0.05,14.4,0.09,11.34,0.16,19.5252,0.029,18.6534,0.0083,18.2215,0.0365,17.9138,0.0305,17.7092,0.0274,15.632762,0.018290196,19.546303,18.98599,17.444649,GAL
10175,23.00689,30.66072,15.87,0.05,15.97,0.03,15.6,0.3,12.62,0.06,8.54,0.02,19.0055,0.0207,18.76,0.0197,18.5155,0.0208,18.6022,0.0336,18.5472,0.0306,17.161942,0.050992914,19.417215,18.884089,18.141218,GAL
35292,23.52397,30.29241,17.93,0.06,17.2,0.04,15.72,0.05,14.88,0.05,10.54,0.05,21.0771,0.054,20.8751,0.0344,20.8262,0.0217,20.6867,0.0378,20.4552,0.161,19.664356,0.39867076,20.87811,20.893858,20.287174,QSO
210,23.45796,30.4913,12.94,0.04,12.71,0.03,12.17,0.03,10.42,0.09,8.72,0.04,18.6026,0.026,17.784,0.0626,16.9137,0.0449,16.491,0.0089,16.1674,0.0073,14.546889,0.0049733077,17.261768,18.047647,16.147089,RSGb
351,23.26454,30.5336,13.25,0.02,13.22,0.02,12.81,0.02,11.9,0.08,9.97,0.11,20.1271,0.0408,18.4533,0.052,17.1432,0.0117,16.413,0.0191,15.9383,0.0176,14.666603,0.005251272,17.63274,18.722683,16.357094,RSG
898,23.55806,30.46637,13.79,0.03,14.03,0.02,13.61,0.04,12.92,0.07,10.99,0.11,18.9407,0.0104,18.0781,0.0191,17.2041,0.0087,16.8067,0.0053,16.5384,0.011,15.106225,0.0076986556,18.306376,18.540476,16.746096,RSGb
1008,23.41448,30.72131,13.86,0.08,14.12,0.07,14.13,0.04,13.91,0.2,10.46,-1.0,19.0307,0.028,18.4721,0.0264,17.565,0.015,17.108,0.0078,16.9052,0.0087,14.886098,0.006678432,18.483788,18.505789,17.163164,RSGb
1166,23.30061,30.8137,14.17,0.02,14.23,0.02,13.82,0.03,12.83,0.07,11.24,-1.0,20.0443,0.0228,18.3731,0.0426,17.5631,0.0152,17.0669,0.0108,16.8735,0.0093,15.420861,0.008674981,17.999958,18.939096,16.895111,RSG
1248,23.66413,30.76427,14.2,0.02,14.27,0.02,13.99,0.03,13.24,0.13,11.38,0.19,19.5273,0.0366,18.3702,0.0629,17.6617,0.0064,16.9776,0.0089,16.7456,0.0122,15.524526,0.009043089,18.218832,18.809042,17.023247,RSGb
1788,23.42709,30.886,14.32,0.02,14.52,0.03,14.19,0.02,13.16,0.04,11.58,-1.0,-999.0,-999.0,-999.0,-999.0,-999.0,-999.0,-999.0,-999.0,-999.0,-999.0,15.991816,0.012885058,18.457924,18.957794,17.350002,RSG
2245,23.56372,30.63453,14.45,0.02,14.67,0.02,14.63,0.07,13.77,0.14,10.9,0.13,19.0645,0.022,18.3401,0.015,17.5109,0.0179,17.1594,0.0037,16.9445,0.0076,15.561824,0.01145122,18.291187,18.348385,16.91263,RSGb
2542,23.48356,30.64291,14.79,0.06,14.75,0.04,14.29,0.07,12.91,0.11,11.08,-1.0,19.5329,0.024,18.6857,0.0271,17.8786,0.0188,17.4936,0.0046,17.2037,0.0269,16.028912,0.014925411,18.836143,18.169218,16.922043,RSGb
3045,23.44776,30.69859,14.67,0.11,14.88,0.03,14.77,0.07,14.86,0.27,11.02,-1.0,20.1903,0.0847,18.9124,0.0251,18.0477,0.0093,17.4913,0.014,17.3041,0.0193,16.238499,0.02116137,18.81434,18.36281,16.925772,RSGb
3379,23.25408,30.58345,14.82,0.02,14.96,0.03,14.33,0.11,13.17,0.04,10.93,-1.0,19.3737,0.0223,18.349,0.0118,17.5996,0.0176,17.3129,0.0101,17.1248,0.0055,15.8719425,0.010765118,18.295341,18.689238,17.201767,RSGb
3398,23.65392,30.75414,14.76,0.02,14.97,0.03,14.87,0.05,13.52,0.07,10.86,-1.0,20.1907,0.0162,19.0729,0.0293,18.3366,0.022,17.8492,0.0094,17.5667,0.0179,16.159437,0.01481039,18.967138,19.36972,17.668564,RSGb
4712,23.63006,30.7608,15.06,0.03,15.26,0.04,15.27,0.07,13.41,0.06,10.7,-1.0,18.9011,0.0247,18.7256,0.0195,18.2012,0.0118,17.8328,0.0129,17.5952,0.0134,16.37902,0.02058796,18.780931,18.40826,17.54304,RSGb
4964,23.0383,30.43744,15.39,0.1,15.31,0.07,14.83,0.06,14.09,0.08,11.88,0.08,20.3376,0.0439,19.1381,0.0248,18.8221,0.0393,18.5079,0.0487,18.2987,0.0445,16.466702,0.026590466,-999.0,-999,-999,RSG
5206,23.42987,30.59653,14.99,0.04,15.36,0.06,14.84,0.12,14.46,-1.0,10.85,-1.0,18.8393,0.0111,18.3272,0.0114,17.8031,0.026,17.4352,0.008,17.2759,0.0137,15.9809065,0.01345148,18.217821,17.963114,16.959835,RSGb
5366,23.22875,30.40301,15.25,0.02,15.39,0.02,15.11,0.06,14.39,0.1,13.12,-1.0,19.3463,0.015,18.8301,0.0124,18.2112,0.0095,17.8843,0.0122,17.7014,0.0063,16.378239,0.016490867,18.807438,19.02166,17.717607,RSGb
5900,23.27823,30.51093,15.28,0.03,15.48,0.03,15.46,0.1,14.04,0.13,11.65,-1.0,19.9286,0.0486,18.9694,0.0103,18.227,0.0062,17.8527,0.0059,17.6524,0.0096,-999.0,-999.0,18.88833,19.269176,17.67081,RSGb
6145,23.46834,30.9071,15.29,0.02,15.52,0.03,15.46,0.08,14.79,0.19,13.26,-1.0,19.4366,0.0147,18.3497,0.006,17.8746,0.0077,17.633,0.0084,17.4233,0.0109,16.278408,0.01507338,18.417646,18.92516,17.366796,RSGb
6577,23.63259,30.90024,15.36,0.03,15.58,0.03,15.38,0.07,14.72,0.13,12.5,-1.0,19.693,0.0193,19.2202,0.0141,18.4997,0.0095,18.1058,0.017,17.8278,0.0133,16.478687,0.022352993,19.229364,19.207533,17.890799,RSGb
6834,23.49785,30.53335,15.4,0.04,15.61,0.05,14.27,0.14,12.72,0.08,10.93,-1.0,19.8947,0.0403,19.3848,0.016,18.7548,0.0112,18.3536,0.0123,18.0683,0.0159,16.835978,0.027733333,19.569572,19.019417,17.84652,RSGb
7587,23.23412,30.46442,15.5,0.02,15.71,0.02,15.4,0.05,14.27,0.1,11.31,-1.0,19.5849,0.0188,18.6883,0.0112,18.229,0.011,17.9467,0.0138,17.7761,0.0155,16.566761,0.016216721,18.706196,19.09459,17.657024,RSGb
7617,23.51062,30.71944,15.38,0.04,15.71,0.04,16.5,0.28,14.2,0.1,12.47,-1.0,19.4286,0.0182,18.8,0.0159,18.2467,0.0084,17.9434,0.0127,17.7338,0.0225,16.401924,0.019682901,18.82924,18.4393,17.295225,RSGb
7672,23.48152,30.6879,15.32,0.1,15.71,0.1,12.83,0.12,10.92,0.07,8.51,0.07,20.0278,0.0396,19.1816,0.0243,18.5088,0.0278,18.1871,0.0108,17.9466,0.0084,17.131721,0.058980256,19.244509,18.31392,17.17254,RSGb
8169,23.22486,30.64943,15.69,0.12,15.77,0.03,15.83,0.08,15.14,0.18,12.28,0.22,18.7646,0.0264,18.3746,0.0116,18.0342,0.0094,17.8902,0.0175,17.7334,0.0158,16.605984,0.019617796,18.592806,18.455095,17.551994,RSGb
8644,23.31356,30.38005,15.58,0.03,15.83,0.03,15.14,0.11,13.57,0.08,11.48,0.21,20.0781,0.0314,19.0977,0.0174,18.5629,0.0107,18.251,0.01,18.0325,0.0266,16.849669,0.025669448,19.042915,19.48429,18.01261,RSGb
9052,23.44909,30.72346,15.55,0.03,15.87,0.05,16.09,0.22,15.61,-1.0,12.14,-1.0,18.2587,0.0129,18.1876,0.0145,18.029,0.0144,17.77,0.0112,17.7074,0.0253,16.310078,0.022722935,18.574389,17.808672,17.048878,RSGb
9830,23.10123,30.53207,15.71,0.03,15.94,0.03,15.88,0.09,15.21,0.13,12.06,-1.0,20.2529,0.0235,18.9867,0.0088,18.4522,0.0037,18.1964,0.0058,18.0026,0.0247,16.861238,0.020680146,19.029932,19.551352,18.030354,RSG
9959,23.49369,30.7986,15.64,0.03,15.95,0.04,15.66,0.1,14.88,-1.0,11.23,-1.0,20.4295,0.0235,19.5902,0.0148,18.9022,0.0098,18.4899,0.0237,18.3043,0.0218,16.813889,0.030692425,19.488037,19.262146,17.885117,RSGb
10836,23.4267,30.71043,15.74,0.05,16.03,0.05,16.42,0.23,12.85,0.1,10.98,-1.0,19.897,0.0388,19.2193,0.0116,18.7848,0.0134,18.4882,0.0255,18.2828,0.0129,16.811525,0.035591066,19.539106,18.482025,17.442509,RSGb
11622,23.24904,30.54204,15.85,0.04,16.09,0.04,15.02,0.14,12.46,0.09,11.53,-1.0,20.096,0.0471,19.1615,0.0142,18.6765,0.0092,18.4306,0.0127,18.2378,0.0163,17.040817,0.030980684,19.344297,19.292608,18.005539,RSGb
11798,23.60328,31.08238,15.95,0.03,16.11,0.03,15.85,0.06,16.03,0.25,12.8,-1.0,19.9167,0.018,18.5588,0.0196,17.972,0.0125,17.6588,0.0112,17.418,0.0283,16.21968,0.014285113,18.486237,19.374044,17.489807,RSG
12267,23.31002,30.43752,15.87,0.03,16.14,0.03,15.5,0.07,14.93,0.1,12.18,-1.0,20.3213,0.0191,19.3016,0.0141,18.7027,0.0083,18.4067,0.0124,18.1996,0.0342,16.890722,0.030062407,19.357447,19.489117,17.992222,RSGb
14241,23.70364,30.52786,16.02,0.03,16.28,0.05,16.24,0.11,15.14,0.15,12.04,-1.0,20.4433,0.0233,19.6279,0.0181,19.0036,0.0089,18.6811,0.0081,18.4547,0.0178,17.193487,0.038013235,19.620216,20.11973,18.460598,RSGb
16327,23.22202,30.66214,16.2,0.04,16.41,0.06,15.92,0.11,14.17,0.07,11.52,-1.0,20.5599,0.0308,19.3553,0.0145,18.8788,0.0081,18.6288,0.0117,18.4356,0.0218,17.215534,0.03660691,19.421337,19.683954,18.331219,RSG
17130,23.51886,30.41659,16.43,0.03,16.45,0.05,16.19,0.16,14.63,0.1,12.89,-1.0,19.8943,0.0185,19.3927,0.0211,19.024,0.0106,18.7912,0.0126,18.6513,0.0259,17.42678,0.04913988,19.655056,19.415447,18.389263,RSGb
20170,23.34833,30.47681,16.37,0.03,16.61,0.04,16.1,0.13,14.57,0.11,12.5,-1.0,20.1922,0.0204,19.5486,0.0122,19.13,0.0123,18.8572,0.0149,18.7506,0.027,17.425724,0.038786527,19.567286,19.369368,18.29707,RSGb
20227,23.33384,30.78193,16.32,0.03,16.61,0.03,15.84,0.07,16.15,-1.0,12.28,-1.0,20.5011,0.0196,19.4489,0.0135,18.9062,0.011,18.7042,0.0097,18.5357,0.027,17.335384,0.039853778,19.40297,19.675135,18.342976,RSGb
20568,23.2115,30.58533,16.43,0.03,16.63,0.04,15.93,0.15,13.95,0.1,12.17,-1.0,19.9955,0.0411,19.5317,0.0104,19.1182,0.0148,18.8762,0.0168,18.6493,0.0115,17.520824,0.04193026,19.855383,19.538702,18.500233,RSGb
32141,23.49283,30.37124,16.06,0.07,17.1,0.08,15.99,0.1,15.06,0.08,11.45,0.23,20.0377,0.0148,19.1503,0.0122,18.7316,0.0102,18.5224,0.0087,18.3444,0.0089,17.241472,0.036218412,19.270807,19.407785,18.244963,RSGb
33683,23.34644,30.67112,16.96,0.09,17.15,0.08,17.3,-1.0,16.15,-1.0,12.14,-1.0,20.3093,0.0313,19.6949,0.0156,19.2344,0.0131,19.0204,0.0379,18.9101,0.0589,17.765512,0.053738102,19.710072,19.315405,18.238745,RSGb
38967,23.55844,31.08074,17.07,0.04,17.33,0.06,16.72,0.17,16.79,-1.0,12.45,-1.0,20.3167,0.0151,19.34,0.0108,18.8726,0.0077,18.6305,0.0069,18.4563,0.0122,17.407372,0.03492205,19.428204,19.952288,18.389635,RSG
